Transform id,Description,Input type,Sets,Output
opencti.identity.StixDomainEntityToDetails,OpenCTI: Identity to Details,maltego.STIX2.identity,To Details [OpenCTI],maltego.Unknown
opencti.threat-actor.StixDomainEntityToDetails,OpenCTI: Threat Actor to Details,maltego.STIX2.threat-actor,To Details [OpenCTI],maltego.Unknown
opencti.intrusion-set.StixDomainEntityToDetails,OpenCTI: Intrusion Set to Details,maltego.STIX2.intrusion-set,To Details [OpenCTI],maltego.Unknown
opencti.campaign.StixDomainEntityToDetails,OpenCTI: Campaign to Details,maltego.STIX2.campaign,To Details [OpenCTI],maltego.Unknown
opencti.incident.StixDomainEntityToDetails,OpenCTI: Incident to Details,maltego.STIX2.incident,To Details [OpenCTI],maltego.Unknown
opencti.malware.StixDomainEntityToDetails,OpenCTI: Malware to Details,maltego.STIX2.malware,To Details [OpenCTI],maltego.Unknown
opencti.tool.StixDomainEntityToDetails,OpenCTI: Tool to Details,maltego.STIX2.tool,To Details [OpenCTI],maltego.Unknown
opencti.vulnerability.StixDomainEntityToDetails,OpenCTI: Vulnerability to Details,maltego.STIX2.vulnerability,To Details [OpenCTI],maltego.Unknown
opencti.attack-pattern.StixDomainEntityToDetails,OpenCTI: Attack Pattern to Details,maltego.STIX2.attack-pattern,To Details [OpenCTI],maltego.Unknown
opencti.course-of-action.StixDomainEntityToDetails,OpenCTI: Course Of Action to Details,maltego.STIX2.course-of-action,To Details [OpenCTI],maltego.Unknown
opencti.report.StixDomainEntityToDetails,OpenCTI: Report to Details,maltego.STIX2.report,To Details [OpenCTI],maltego.Unknown
opencti.indicator.StixDomainEntityToDetails,OpenCTI: Indicator to Details,maltego.STIX2.indicator,To Details [OpenCTI],maltego.Unknown
opencti.infrastructure.StixDomainEntityToDetails,OpenCTI: Infrastructure to Details,maltego.STIX2.infrastructure,To Details [OpenCTI],maltego.Unknown
opencti.location.StixDomainEntityToDetails,OpenCTI: Location to Details,maltego.STIX2.location,To Details [OpenCTI],maltego.Unknown
opencti.note.StixDomainEntityToDetails,OpenCTI: Note to Details,maltego.STIX2.note,To Details [OpenCTI],maltego.Unknown
opencti.opinion.StixDomainEntityToDetails,OpenCTI: Opinion to Details,maltego.STIX2.opinion,To Details [OpenCTI],maltego.Unknown
opencti.relationship.StixRelationToDetails,OpenCTI: Relationship to Details,maltego.STIX2.relationship,To Details [OpenCTI],maltego.Unknown
opencti.sighting.StixSightingToDetails,OpenCTI: Sighting to Details,maltego.STIX2.sighting,To Details [OpenCTI],maltego.Unknown
opencti.identity.StixDomainEntityToAuthoredReports,OpenCTI: Identity to Reports created by,maltego.STIX2.identity,To Reports [OpenCTI],maltego.Unknown
opencti.identity.StixDomainEntityToReports,OpenCTI: Identity to Reports,maltego.STIX2.identity,To Reports [OpenCTI],maltego.Unknown
opencti.threat-actor.StixDomainEntityToReports,OpenCTI: Threat Actor to Reports,maltego.STIX2.threat-actor,To Reports [OpenCTI],maltego.Unknown
opencti.intrusion-set.StixDomainEntityToReports,OpenCTI: Intrusion Set to Reports,maltego.STIX2.intrusion-set,To Reports [OpenCTI],maltego.Unknown
opencti.campaign.StixDomainEntityToReports,OpenCTI: Campaign to Reports,maltego.STIX2.campaign,To Reports [OpenCTI],maltego.Unknown
opencti.incident.StixDomainEntityToReports,OpenCTI: Incident to Reports,maltego.STIX2.incident,To Reports [OpenCTI],maltego.Unknown
opencti.malware.StixDomainEntityToReports,OpenCTI: Malware to Reports,maltego.STIX2.malware,To Reports [OpenCTI],maltego.Unknown
opencti.tool.StixDomainEntityToReports,OpenCTI: Tool to Reports,maltego.STIX2.tool,To Reports [OpenCTI],maltego.Unknown
opencti.vulnerability.StixDomainEntityToReports,OpenCTI: Vulnerability to Reports,maltego.STIX2.vulnerability,To Reports [OpenCTI],maltego.Unknown
opencti.attack-pattern.StixDomainEntityToReports,OpenCTI: Attack Pattern to Reports,maltego.STIX2.attack-pattern,To Reports [OpenCTI],maltego.Unknown
opencti.course-of-action.StixDomainEntityToReports,OpenCTI: Course Of Action to Reports,maltego.STIX2.course-of-action,To Reports [OpenCTI],maltego.Unknown
opencti.report.StixDomainEntityToReports,OpenCTI: Report to Reports,maltego.STIX2.report,To Reports [OpenCTI],maltego.Unknown
opencti.indicator.StixDomainEntityToReports,OpenCTI: Indicator to Reports,maltego.STIX2.indicator,To Reports [OpenCTI],maltego.Unknown
opencti.infrastructure.StixDomainEntityToReports,OpenCTI: Infrastructure to Reports,maltego.STIX2.infrastructure,To Reports [OpenCTI],maltego.Unknown
opencti.location.StixDomainEntityToReports,OpenCTI: Location to Reports,maltego.STIX2.location,To Reports [OpenCTI],maltego.Unknown
opencti.note.StixDomainEntityToReports,OpenCTI: Note to Reports,maltego.STIX2.note,To Reports [OpenCTI],maltego.Unknown
opencti.relationship.StixRelationToReports,OpenCTI: Relationship to Reports,maltego.STIX2.relationship,To Reports [OpenCTI],maltego.Unknown
opencti.identity.StixDomainEntityToNotes,OpenCTI: Identity to Notes,maltego.STIX2.identity,To Notes [OpenCTI],maltego.Unknown
opencti.threat-actor.StixDomainEntityToNotes,OpenCTI: Threat Actor to Notes,maltego.STIX2.threat-actor,To Notes [OpenCTI],maltego.Unknown
opencti.intrusion-set.StixDomainEntityToNotes,OpenCTI: Intrusion Set to Notes,maltego.STIX2.intrusion-set,To Notes [OpenCTI],maltego.Unknown
opencti.campaign.StixDomainEntityToNotes,OpenCTI: Campaign to Notes,maltego.STIX2.campaign,To Notes [OpenCTI],maltego.Unknown
opencti.incident.StixDomainEntityToNotes,OpenCTI: Incident to Notes,maltego.STIX2.incident,To Notes [OpenCTI],maltego.Unknown
opencti.malware.StixDomainEntityToNotes,OpenCTI: Malware to Notes,maltego.STIX2.malware,To Notes [OpenCTI],maltego.Unknown
opencti.tool.StixDomainEntityToNotes,OpenCTI: Tool to Notes,maltego.STIX2.tool,To Notes [OpenCTI],maltego.Unknown
opencti.vulnerability.StixDomainEntityToNotes,OpenCTI: Vulnerability to Notes,maltego.STIX2.vulnerability,To Notes [OpenCTI],maltego.Unknown
opencti.attack-pattern.StixDomainEntityToNotes,OpenCTI: Attack Pattern to Notes,maltego.STIX2.attack-pattern,To Notes [OpenCTI],maltego.Unknown
opencti.course-of-action.StixDomainEntityToNotes,OpenCTI: Course Of Action to Notes,maltego.STIX2.course-of-action,To Notes [OpenCTI],maltego.Unknown
opencti.report.StixDomainEntityToNotes,OpenCTI: Report to Notes,maltego.STIX2.report,To Notes [OpenCTI],maltego.Unknown
opencti.indicator.StixDomainEntityToNotes,OpenCTI: Indicator to Notes,maltego.STIX2.indicator,To Notes [OpenCTI],maltego.Unknown
opencti.infrastructure.StixDomainEntityToNotes,OpenCTI: Infrastructure to Notes,maltego.STIX2.infrastructure,To Notes [OpenCTI],maltego.Unknown
opencti.location.StixDomainEntityToNotes,OpenCTI: Location to Notes,maltego.STIX2.location,To Notes [OpenCTI],maltego.Unknown
opencti.relationship.StixDomainEntityToNotes,OpenCTI: Relationship to Notes,maltego.STIX2.relationship,To Notes [OpenCTI],maltego.Unknown
opencti.identity.StixDomainEntityToOpinions,OpenCTI: Identity to Opinions,maltego.STIX2.identity,To Opinions [OpenCTI],maltego.Unknown
opencti.threat-actor.StixDomainEntityToOpinions,OpenCTI: Threat Actor to Opinions,maltego.STIX2.threat-actor,To Opinions [OpenCTI],maltego.Unknown
opencti.intrusion-set.StixDomainEntityToOpinions,OpenCTI: Intrusion Set to Opinions,maltego.STIX2.intrusion-set,To Opinions [OpenCTI],maltego.Unknown
opencti.campaign.StixDomainEntityToOpinions,OpenCTI: Campaign to Opinions,maltego.STIX2.campaign,To Opinions [OpenCTI],maltego.Unknown
opencti.incident.StixDomainEntityToOpinions,OpenCTI: Incident to Opinions,maltego.STIX2.incident,To Opinions [OpenCTI],maltego.Unknown
opencti.malware.StixDomainEntityToOpinions,OpenCTI: Malware to Opinions,maltego.STIX2.malware,To Opinions [OpenCTI],maltego.Unknown
opencti.tool.StixDomainEntityToOpinions,OpenCTI: Tool to Opinions,maltego.STIX2.tool,To Opinions [OpenCTI],maltego.Unknown
opencti.vulnerability.StixDomainEntityToOpinions,OpenCTI: Vulnerability to Opinions,maltego.STIX2.vulnerability,To Opinions [OpenCTI],maltego.Unknown
opencti.attack-pattern.StixDomainEntityToOpinions,OpenCTI: Attack Pattern to Opinions,maltego.STIX2.attack-pattern,To Opinions [OpenCTI],maltego.Unknown
opencti.course-of-action.StixDomainEntityToOpinions,OpenCTI: Course Of Action to Opinions,maltego.STIX2.course-of-action,To Opinions [OpenCTI],maltego.Unknown
opencti.report.StixDomainEntityToOpinions,OpenCTI: Report to Opinions,maltego.STIX2.report,To Opinions [OpenCTI],maltego.Unknown
opencti.indicator.StixDomainEntityToOpinions,OpenCTI: Indicator to Opinions,maltego.STIX2.indicator,To Opinions [OpenCTI],maltego.Unknown
opencti.infrastructure.StixDomainEntityToOpinions,OpenCTI: Infrastructure to Opinions,maltego.STIX2.infrastructure,To Opinions [OpenCTI],maltego.Unknown
opencti.location.StixDomainEntityToOpinions,OpenCTI: Location to Opinions,maltego.STIX2.location,To Opinions [OpenCTI],maltego.Unknown
opencti.relationship.StixDomainEntityToOpinions,OpenCTI: Relationship to Opinions,maltego.STIX2.relationship,To Opinions [OpenCTI],maltego.Unknown
opencti.report.ReportToStixDomainEntities,OpenCTI: Report to all Entities,maltego.STIX2.report,To all Relationships (implicit) [OpenCTI],maltego.Unknown
opencti.report.ReportToRelations,OpenCTI: Report to all Relations,maltego.STIX2.report,To all Relationships (explicit) [OpenCTI],maltego.Unknown
opencti.report.ReportToStixObservable,OpenCTI: Report to all Observables,maltego.STIX2.report,To Observables [OpenCTI],maltego.Unknown
opencti.report.identity.ReportToStixDomainEntities,OpenCTI: Report to Identities,maltego.STIX2.report,To Relationships (implicit) [OpenCTI],identity
opencti.report.threat-actor.ReportToStixDomainEntities,OpenCTI: Report to Threat Actors,maltego.STIX2.report,To Relationships (implicit) [OpenCTI],threat-actor
opencti.report.intrusion-set.ReportToStixDomainEntities,OpenCTI: Report to Intrusion Sets,maltego.STIX2.report,To Relationships (implicit) [OpenCTI],intrusion-set
opencti.report.campaign.ReportToStixDomainEntities,OpenCTI: Report to Campaigns,maltego.STIX2.report,To Relationships (implicit) [OpenCTI],campaign
opencti.report.incident.ReportToStixDomainEntities,OpenCTI: Report to Incidents,maltego.STIX2.report,To Relationships (implicit) [OpenCTI],incident
opencti.report.malware.ReportToStixDomainEntities,OpenCTI: Report to Malware,maltego.STIX2.report,To Relationships (implicit) [OpenCTI],malware
opencti.report.tool.ReportToStixDomainEntities,OpenCTI: Report to Tools,maltego.STIX2.report,To Relationships (implicit) [OpenCTI],tool
opencti.report.vulnerability.ReportToStixDomainEntities,OpenCTI: Report to Vulnerabilities,maltego.STIX2.report,To Relationships (implicit) [OpenCTI],vulnerability
opencti.report.attack-pattern.ReportToStixDomainEntities,OpenCTI: Report to Attack Patterns,maltego.STIX2.report,To Relationships (implicit) [OpenCTI],attack-pattern
opencti.report.course-of-action.ReportToStixDomainEntities,OpenCTI: Report to Courses Of Action,maltego.STIX2.report,To Relationships (implicit) [OpenCTI],course-of-action
opencti.report.report.ReportToStixDomainEntities,OpenCTI: Report to Reports,maltego.STIX2.report,To Reports [OpenCTI],report
opencti.report.indicator.ReportToStixDomainEntities,OpenCTI: Report to Indicators,maltego.STIX2.report,To Relationships (implicit) [OpenCTI],indicator
opencti.report.infrastructure.ReportToStixDomainEntities,OpenCTI: Report to Infrastructures,maltego.STIX2.report,To Relationships (implicit) [OpenCTI],infrastructure
opencti.report.location.ReportToStixDomainEntities,OpenCTI: Report to Locations,maltego.STIX2.report,To Relationships (implicit) [OpenCTI],location
opencti.note.NoteToStixDomainEntity,OpenCTI: Note to all Entities,maltego.STIX2.note,To all Relationships (implicit) [OpenCTI],maltego.Unknown
opencti.note.NoteToRelations,OpenCTI: Note to all Relations,maltego.STIX2.note,To all Relationships (explicit) [OpenCTI],maltego.Unknown
opencti.note.NoteToStixObservable,OpenCTI: Note to all Observables,maltego.STIX2.note,To Observables [OpenCTI],maltego.Unknown
opencti.opinion.OpinionToStixDomainEntity,OpenCTI: Opinion to all Entities,maltego.STIX2.opinion,To all Relationships (implicit) [OpenCTI],maltego.Unknown
opencti.opinion.OpinionToRelations,OpenCTI: Opinion to all Relations,maltego.STIX2.opinion,To all Relationships (explicit) [OpenCTI],maltego.Unknown
opencti.opinion.OpinionToStixObservable,OpenCTI: Opinion to all Observables,maltego.STIX2.opinion,To Observables [OpenCTI],maltego.Unknown
opencti.relationship.StixRelationToStixDomainEntity,OpenCTI: Relationship to All Entities/Observables,maltego.STIX2.relationship,To Relationships (explicit) [OpenCTI],maltego.Unknown
opencti.relationship.StixRelationToStixDomainEntityFrom,OpenCTI: Relationship to Source Entities/Observables,maltego.STIX2.relationship,To Relationships Source [OpenCTI],maltego.Unknown
opencti.relationship.StixRelationToStixDomainEntityTo,OpenCTI: Relationship to Target Entities/Observables,maltego.STIX2.relationship,To Relationships Target [OpenCTI],maltego.Unknown
opencti.relationship.StixRelationToRelations,OpenCTI: Relationship to Relations,maltego.STIX2.relationship,To Relationships (explicit) [OpenCTI],maltego.Unknown
opencti.sighting.StixSightingToStixDomainEntity,OpenCTI: Sighting to All Entities,maltego.STIX2.sighting,To all Relationships (explicit) [OpenCTI],maltego.Unknown
opencti.sighting.StixSightingToStixDomainEntityFrom,OpenCTI: Sighting to Source Entities,maltego.STIX2.sighting,To Relationships Source [OpenCTI],maltego.Unknown
opencti.sighting.StixSightingToStixDomainEntityTo,OpenCTI: Sighting to Target Entities,maltego.STIX2.sighting,To Relationships Target [OpenCTI],maltego.Unknown
opencti.identity.StixDomainEntityToStixDomainEntity,OpenCTI: Identity to all Entities,maltego.STIX2.identity,To all Relationships (implicit) [OpenCTI],maltego.Unknown
opencti.identity.StixDomainEntityToRelations,OpenCTI: Identity to all Relations,maltego.STIX2.identity,To all Relationships (explicit) [OpenCTI],maltego.Unknown
opencti.identity.StixDomainEntityToSightings,OpenCTI: Identity to Sightings,maltego.STIX2.identity,To Sightings [OpenCTI],maltego.Unknown
opencti.identity.StixDomainEntityToStixObservable,OpenCTI: Identity to all Observables,maltego.STIX2.identity,To Observables [OpenCTI],stix-cyber-observable
opencti.identity.identity.StixDomainEntityToStixDomainEntity,OpenCTI: Identity to Identities,maltego.STIX2.identity,To Relationships (implicit) [OpenCTI],identity
opencti.identity.identity.StixDomainEntityToRelations,OpenCTI: Identity to Identity Relations,maltego.STIX2.identity,To Relationships (explicit) [OpenCTI],identity
opencti.identity.threat-actor.StixDomainEntityToStixDomainEntity,OpenCTI: Identity to Threat Actors,maltego.STIX2.identity,To Relationships (implicit) [OpenCTI],threat-actor
opencti.identity.threat-actor.StixDomainEntityToRelations,OpenCTI: Identity to Threat Actor Relations,maltego.STIX2.identity,To Relationships (explicit) [OpenCTI],threat-actor
opencti.identity.intrusion-set.StixDomainEntityToStixDomainEntity,OpenCTI: Identity to Intrusion Sets,maltego.STIX2.identity,To Relationships (implicit) [OpenCTI],intrusion-set
opencti.identity.intrusion-set.StixDomainEntityToRelations,OpenCTI: Identity to Intrusion Set Relations,maltego.STIX2.identity,To Relationships (explicit) [OpenCTI],intrusion-set
opencti.identity.incident.StixDomainEntityToStixDomainEntity,OpenCTI: Identity to Incidents,maltego.STIX2.identity,To Relationships (implicit) [OpenCTI],incident
opencti.identity.incident.StixDomainEntityToRelations,OpenCTI: Identity to Incident Relations,maltego.STIX2.identity,To Relationships (explicit) [OpenCTI],incident
opencti.identity.malware.StixDomainEntityToStixDomainEntity,OpenCTI: Identity to Malware,maltego.STIX2.identity,To Relationships (implicit) [OpenCTI],malware
opencti.identity.malware.StixDomainEntityToRelations,OpenCTI: Identity to Malware Relations,maltego.STIX2.identity,To Relationships (explicit) [OpenCTI],malware
opencti.identity.tool.StixDomainEntityToStixDomainEntity,OpenCTI: Identity to Tools,maltego.STIX2.identity,To Relationships (implicit) [OpenCTI],tool
opencti.identity.tool.StixDomainEntityToRelations,OpenCTI: Identity to Tool Relations,maltego.STIX2.identity,To Relationships (explicit) [OpenCTI],tool
opencti.identity.vulnerability.StixDomainEntityToStixDomainEntity,OpenCTI: Identity to Vulnerabilities,maltego.STIX2.identity,To Relationships (implicit) [OpenCTI],vulnerability
opencti.identity.vulnerability.StixDomainEntityToRelations,OpenCTI: Identity to Vulnerability Relations,maltego.STIX2.identity,To Relationships (explicit) [OpenCTI],vulnerability
opencti.identity.attack-pattern.StixDomainEntityToStixDomainEntity,OpenCTI: Identity to Attack Patterns,maltego.STIX2.identity,To Relationships (implicit) [OpenCTI],attack-pattern
opencti.identity.attack-pattern.StixDomainEntityToRelations,OpenCTI: Identity to Attack Pattern Relations,maltego.STIX2.identity,To Relationships (explicit) [OpenCTI],attack-pattern
opencti.identity.indicator.StixDomainEntityToStixDomainEntity,OpenCTI: Identity to Indicators,maltego.STIX2.identity,To Relationships (implicit) [OpenCTI],indicator
opencti.identity.indicator.StixDomainEntityToRelations,OpenCTI: Identity to Indicator Relations,maltego.STIX2.identity,To Relationships (explicit) [OpenCTI],indicator
opencti.identity.infrastructure.StixDomainEntityToStixDomainEntity,OpenCTI: Identity to Infrastructure,maltego.STIX2.identity,To Relationships (implicit) [OpenCTI],infrastructure
opencti.identity.infrastructure.StixDomainEntityToRelations,OpenCTI: Identity to Infrastructure Relations,maltego.STIX2.identity,To Relationships (explicit) [OpenCTI],infrastructure
opencti.identity.location.StixDomainEntityToStixDomainEntity,OpenCTI: Identity to Location,maltego.STIX2.identity,To Relationships (implicit) [OpenCTI],location
opencti.identity.location.StixDomainEntityToRelations,OpenCTI: Identity to Location Relations,maltego.STIX2.identity,To Relationships (explicit) [OpenCTI],location
opencti.threat-actor.StixDomainEntityToStixDomainEntity,OpenCTI: Threat Actor to all Entities,maltego.STIX2.threat-actor,To all Relationships (implicit) [OpenCTI],maltego.Unknown
opencti.threat-actor.StixDomainEntityToRelations,OpenCTI: Threat Actor to all Relations,maltego.STIX2.threat-actor,To all Relationships (explicit) [OpenCTI],maltego.Unknown
opencti.threat-actor.StixDomainEntityToSightings,OpenCTI: Threat Actor to Sightings,maltego.STIX2.threat-actor,To Sightings [OpenCTI],maltego.Unknown
opencti.threat-actor.StixDomainEntityToStixObservable,OpenCTI: Threat Actor to all Observables,maltego.STIX2.threat-actor,To Observables [OpenCTI],stix-cyber-observable
opencti.threat-actor.identity.StixDomainEntityToStixDomainEntity,OpenCTI: Threat Actor to Identities,maltego.STIX2.threat-actor,To Relationships (implicit) [OpenCTI],identity
opencti.threat-actor.identity.StixDomainEntityToRelations,OpenCTI: Threat Actor to Identity Relations,maltego.STIX2.threat-actor,To Relationships (explicit) [OpenCTI],identity
opencti.threat-actor.threat-actor.StixDomainEntityToStixDomainEntity,OpenCTI: Threat Actor to Threat Actors,maltego.STIX2.threat-actor,To Relationships (implicit) [OpenCTI],threat-actor
opencti.threat-actor.threat-actor.StixDomainEntityToRelations,OpenCTI: Threat Actor to Threat Actor Relations,maltego.STIX2.threat-actor,To Relationships (explicit) [OpenCTI],threat-actor
opencti.threat-actor.intrusion-set.StixDomainEntityToStixDomainEntity,OpenCTI: Threat Actor to Intrusion Sets,maltego.STIX2.threat-actor,To Relationships (implicit) [OpenCTI],intrusion-set
opencti.threat-actor.intrusion-set.StixDomainEntityToRelations,OpenCTI: Threat Actor to Intrusion Set Relations,maltego.STIX2.threat-actor,To Relationships (explicit) [OpenCTI],intrusion-set
opencti.threat-actor.campaign.StixDomainEntityToStixDomainEntity,OpenCTI: Threat Actor to Campaigns,maltego.STIX2.threat-actor,To Relationships (implicit) [OpenCTI],campaign
opencti.threat-actor.campaign.StixDomainEntityToRelations,OpenCTI: Threat Actor to Campaign Relations,maltego.STIX2.threat-actor,To Relationships (explicit) [OpenCTI],campaign
opencti.threat-actor.incident.StixDomainEntityToStixDomainEntity,OpenCTI: Threat Actor to Incidents,maltego.STIX2.threat-actor,To Relationships (implicit) [OpenCTI],incident
opencti.threat-actor.incident.StixDomainEntityToRelations,OpenCTI: Threat Actor to Incident Relations,maltego.STIX2.threat-actor,To Relationships (explicit) [OpenCTI],incident
opencti.threat-actor.malware.StixDomainEntityToStixDomainEntity,OpenCTI: Threat Actor to Malware,maltego.STIX2.threat-actor,To Relationships (implicit) [OpenCTI],malware
opencti.threat-actor.malware.StixDomainEntityToRelations,OpenCTI: Threat Actor to Malware Relations,maltego.STIX2.threat-actor,To Relationships (explicit) [OpenCTI],malware
opencti.threat-actor.tool.StixDomainEntityToStixDomainEntity,OpenCTI: Threat Actor to Tools,maltego.STIX2.threat-actor,To Relationships (implicit) [OpenCTI],tool
opencti.threat-actor.tool.StixDomainEntityToRelations,OpenCTI: Threat Actor to Tool Relations,maltego.STIX2.threat-actor,To Relationships (explicit) [OpenCTI],tool
opencti.threat-actor.vulnerability.StixDomainEntityToStixDomainEntity,OpenCTI: Threat Actor to Vulnerabilities,maltego.STIX2.threat-actor,To Relationships (implicit) [OpenCTI],vulnerability
opencti.threat-actor.vulnerability.StixDomainEntityToRelations,OpenCTI: Threat Actor to Vulnerability Relations,maltego.STIX2.threat-actor,To Relationships (explicit) [OpenCTI],vulnerability
opencti.threat-actor.attack-pattern.StixDomainEntityToStixDomainEntity,OpenCTI: Threat Actor to Attack Patterns,maltego.STIX2.threat-actor,To Relationships (implicit) [OpenCTI],attack-pattern
opencti.threat-actor.attack-pattern.StixDomainEntityToRelations,OpenCTI: Threat Actor to Attack Pattern Relations,maltego.STIX2.threat-actor,To Relationships (explicit) [OpenCTI],attack-pattern
opencti.threat-actor.indicator.StixDomainEntityToStixDomainEntity,OpenCTI: Threat Actor to Indicators,maltego.STIX2.threat-actor,To Relationships (implicit) [OpenCTI],indicator
opencti.threat-actor.indicator.StixDomainEntityToRelations,OpenCTI: Threat Actor to Indicator Relations,maltego.STIX2.threat-actor,To Relationships (explicit) [OpenCTI],indicator
opencti.threat-actor.infrastructure.StixDomainEntityToStixDomainEntity,OpenCTI: Threat Actor to Infrastructure,maltego.STIX2.threat-actor,To Relationships (implicit) [OpenCTI],infrastructure
opencti.threat-actor.infrastructure.StixDomainEntityToRelations,OpenCTI: Threat Actor to Infrastructure Relations,maltego.STIX2.threat-actor,To Relationships (explicit) [OpenCTI],infrastructure
opencti.threat-actor.location.StixDomainEntityToStixDomainEntity,OpenCTI: Threat Actor to Location,maltego.STIX2.threat-actor,To Relationships (implicit) [OpenCTI],location
opencti.threat-actor.location.StixDomainEntityToRelations,OpenCTI: Threat Actor to Location Relations,maltego.STIX2.threat-actor,To Relationships (explicit) [OpenCTI],location
opencti.intrusion-set.StixDomainEntityToStixDomainEntity,OpenCTI: Intrusion Set to all Entities,maltego.STIX2.intrusion-set,To all Relationships (implicit) [OpenCTI],maltego.Unknown
opencti.intrusion-set.StixDomainEntityToRelations,OpenCTI: Intrusion Set to all Relations,maltego.STIX2.intrusion-set,To all Relationships (explicit) [OpenCTI],maltego.Unknown
opencti.intrusion-set.StixDomainEntityToSightings,OpenCTI: Intrusion Set to Sightings,maltego.STIX2.intrusion-set,To Sightings [OpenCTI],maltego.Unknown
opencti.intrusion-set.StixDomainEntityToStixObservable,OpenCTI: Intrusion Set to all Observables,maltego.STIX2.intrusion-set,To Observables [OpenCTI],stix-cyber-observable
opencti.intrusion-set.identity.StixDomainEntityToStixDomainEntity,OpenCTI: Intrusion Set to Identities,maltego.STIX2.intrusion-set,To Relationships (implicit) [OpenCTI],identity
opencti.intrusion-set.identity.StixDomainEntityToRelations,OpenCTI: Intrusion Set to Identity Relations,maltego.STIX2.intrusion-set,To Relationships (explicit) [OpenCTI],identity
opencti.intrusion-set.threat-actor.StixDomainEntityToStixDomainEntity,OpenCTI: Intrusion Set to Threat Actors,maltego.STIX2.intrusion-set,To Relationships (implicit) [OpenCTI],threat-actor
opencti.intrusion-set.threat-actor.StixDomainEntityToRelations,OpenCTI: Intrusion Set to Threat Actor Relations,maltego.STIX2.intrusion-set,To Relationships (explicit) [OpenCTI],threat-actor
opencti.intrusion-set.intrusion-set.StixDomainEntityToStixDomainEntity,OpenCTI: Intrusion Set to Intrusion Sets,maltego.STIX2.intrusion-set,To Relationships (implicit) [OpenCTI],intrusion-set
opencti.intrusion-set.intrusion-set.StixDomainEntityToRelations,OpenCTI: Intrusion Set to Intrusion Set Relations,maltego.STIX2.intrusion-set,To Relationships (explicit) [OpenCTI],intrusion-set
opencti.intrusion-set.campaign.StixDomainEntityToStixDomainEntity,OpenCTI: Intrusion Set to Campaigns,maltego.STIX2.intrusion-set,To Relationships (implicit) [OpenCTI],campaign
opencti.intrusion-set.campaign.StixDomainEntityToRelations,OpenCTI: Intrusion Set to Campaign Relations,maltego.STIX2.intrusion-set,To Relationships (explicit) [OpenCTI],campaign
opencti.intrusion-set.incident.StixDomainEntityToStixDomainEntity,OpenCTI: Intrusion Set to Incidents,maltego.STIX2.intrusion-set,To Relationships (implicit) [OpenCTI],incident
opencti.intrusion-set.incident.StixDomainEntityToRelations,OpenCTI: Intrusion Set to Incident Relations,maltego.STIX2.intrusion-set,To Relationships (explicit) [OpenCTI],incident
opencti.intrusion-set.malware.StixDomainEntityToStixDomainEntity,OpenCTI: Intrusion Set to Malware,maltego.STIX2.intrusion-set,To Relationships (implicit) [OpenCTI],malware
opencti.intrusion-set.malware.StixDomainEntityToRelations,OpenCTI: Intrusion Set to Malware Relations,maltego.STIX2.intrusion-set,To Relationships (explicit) [OpenCTI],malware
opencti.intrusion-set.tool.StixDomainEntityToStixDomainEntity,OpenCTI: Intrusion Set to Tools,maltego.STIX2.intrusion-set,To Relationships (implicit) [OpenCTI],tool
opencti.intrusion-set.tool.StixDomainEntityToRelations,OpenCTI: Intrusion Set to Tool Relations,maltego.STIX2.intrusion-set,To Relationships (explicit) [OpenCTI],tool
opencti.intrusion-set.vulnerability.StixDomainEntityToStixDomainEntity,OpenCTI: Intrusion Set to Vulnerabilities,maltego.STIX2.intrusion-set,To Relationships (implicit) [OpenCTI],vulnerability
opencti.intrusion-set.vulnerability.StixDomainEntityToRelations,OpenCTI: Intrusion Set to Vulnerability Relations,maltego.STIX2.intrusion-set,To Relationships (explicit) [OpenCTI],vulnerability
opencti.intrusion-set.attack-pattern.StixDomainEntityToStixDomainEntity,OpenCTI: Intrusion Set to Attack Patterns,maltego.STIX2.intrusion-set,To Relationships (implicit) [OpenCTI],attack-pattern
opencti.intrusion-set.attack-pattern.StixDomainEntityToRelations,OpenCTI: Intrusion Set to Attack Pattern Relations,maltego.STIX2.intrusion-set,To Relationships (explicit) [OpenCTI],attack-pattern
opencti.intrusion-set.indicator.StixDomainEntityToStixDomainEntity,OpenCTI: Intrusion Set to Indicators,maltego.STIX2.intrusion-set,To Relationships (implicit) [OpenCTI],indicator
opencti.intrusion-set.indicator.StixDomainEntityToRelations,OpenCTI: Intrusion Set to Indicators Relations,maltego.STIX2.intrusion-set,To Relationships (explicit) [OpenCTI],indicator
opencti.intrusion-set.infrastructure.StixDomainEntityToStixDomainEntity,OpenCTI: Intrusion Set to Infrastructure,maltego.STIX2.intrusion-set,To Relationships (implicit) [OpenCTI],infrastructure
opencti.intrusion-set.infrastructure.StixDomainEntityToRelations,OpenCTI: Intrusion Set to Infrastructure Relations,maltego.STIX2.intrusion-set,To Relationships (explicit) [OpenCTI],infrastructure
opencti.intrusion-set.location.StixDomainEntityToStixDomainEntity,OpenCTI: Intrusion Set to Location,maltego.STIX2.intrusion-set,To Relationships (implicit) [OpenCTI],location
opencti.intrusion-set.location.StixDomainEntityToRelations,OpenCTI: Intrusion Set to Location Relations,maltego.STIX2.intrusion-set,To Relationships (explicit) [OpenCTI],location
opencti.campaign.StixDomainEntityToStixDomainEntity,OpenCTI: Campaign to all Entities,maltego.STIX2.campaign,To all Relationships (implicit) [OpenCTI],maltego.Unknown
opencti.campaign.StixDomainEntityToRelations,OpenCTI: Campaign to all Relations,maltego.STIX2.campaign,To all Relationships (explicit) [OpenCTI],maltego.Unknown
opencti.campaign.StixDomainEntityToSightings,OpenCTI: Campaign to Sightings,maltego.STIX2.campaign,To Sightings [OpenCTI],maltego.Unknown
opencti.campaign.StixDomainEntityToStixObservable,OpenCTI: Campaign to all Observables,maltego.STIX2.campaign,To Observables [OpenCTI],stix-cyber-observable
opencti.campaign.identity.StixDomainEntityToStixDomainEntity,OpenCTI: Campaign to Identities,maltego.STIX2.campaign,To Relationships (implicit) [OpenCTI],identity
opencti.campaign.identity.StixDomainEntityToRelations,OpenCTI: Campaign to Identity Relations,maltego.STIX2.campaign,To Relationships (explicit) [OpenCTI],identity
opencti.campaign.threat-actor.StixDomainEntityToStixDomainEntity,OpenCTI: Campaign to Threat Actors,maltego.STIX2.campaign,To Relationships (implicit) [OpenCTI],threat-actor
opencti.campaign.threat-actor.StixDomainEntityToRelations,OpenCTI: Campaign to Threat Actor Relations,maltego.STIX2.campaign,To Relationships (explicit) [OpenCTI],threat-actor
opencti.campaign.intrusion-set.StixDomainEntityToStixDomainEntity,OpenCTI: Campaign to Intrusion Sets,maltego.STIX2.campaign,To Relationships (implicit) [OpenCTI],intrusion-set
opencti.campaign.intrusion-set.StixDomainEntityToRelations,OpenCTI: Campaign to Intrusion Set Relations,maltego.STIX2.campaign,To Relationships (explicit) [OpenCTI],intrusion-set
opencti.campaign.campaign.StixDomainEntityToStixDomainEntity,OpenCTI: Campaign to Campaigns,maltego.STIX2.campaign,To Relationships (implicit) [OpenCTI],campaign
opencti.campaign.campaign.StixDomainEntityToRelations,OpenCTI: Campaign to Campaign Relations,maltego.STIX2.campaign,To Relationships (explicit) [OpenCTI],campaign
opencti.campaign.incident.StixDomainEntityToStixDomainEntity,OpenCTI: Campaign to Incidents,maltego.STIX2.campaign,To Relationships (implicit) [OpenCTI],incident
opencti.campaign.incident.StixDomainEntityToRelations,OpenCTI: Campaign to Incident Relations,maltego.STIX2.campaign,To Relationships (explicit) [OpenCTI],incident
opencti.campaign.malware.StixDomainEntityToStixDomainEntity,OpenCTI: Campaign to Malware,maltego.STIX2.campaign,To Relationships (implicit) [OpenCTI],malware
opencti.campaign.malware.StixDomainEntityToRelations,OpenCTI: Campaign to Malware Relations,maltego.STIX2.campaign,To Relationships (explicit) [OpenCTI],malware
opencti.campaign.tool.StixDomainEntityToStixDomainEntity,OpenCTI: Campaign to Tools,maltego.STIX2.campaign,To Relationships (implicit) [OpenCTI],tool
opencti.campaign.tool.StixDomainEntityToRelations,OpenCTI: Campaign to Tool Relations,maltego.STIX2.campaign,To Relationships (explicit) [OpenCTI],tool
opencti.campaign.vulnerability.StixDomainEntityToStixDomainEntity,OpenCTI: Campaign to Vulnerabilities,maltego.STIX2.campaign,To Relationships (implicit) [OpenCTI],vulnerability
opencti.campaign.vulnerability.StixDomainEntityToRelations,OpenCTI: Campaign to Vulnerability Relations,maltego.STIX2.campaign,To Relationships (explicit) [OpenCTI],vulnerability
opencti.campaign.attack-pattern.StixDomainEntityToStixDomainEntity,OpenCTI: Campaign to Attack Patterns,maltego.STIX2.campaign,To Relationships (implicit) [OpenCTI],attack-pattern
opencti.campaign.attack-pattern.StixDomainEntityToRelations,OpenCTI: Campaign to Attack Pattern Relations,maltego.STIX2.campaign,To Relationships (explicit) [OpenCTI],attack-pattern
opencti.campaign.indicator.StixDomainEntityToStixDomainEntity,OpenCTI: Campaign to Indicators,maltego.STIX2.campaign,To Relationships (implicit) [OpenCTI],indicator
opencti.campaign.indicator.StixDomainEntityToRelations,OpenCTI: Campaign to Indicators Relations,maltego.STIX2.campaign,To Relationships (explicit) [OpenCTI],indicator
opencti.campaign.infrastructure.StixDomainEntityToStixDomainEntity,OpenCTI: Campaign to Infrastructure,maltego.STIX2.campaign,To Relationships (implicit) [OpenCTI],infrastructure
opencti.campaign.infrastructure.StixDomainEntityToRelations,OpenCTI: Campaign to Infrastructure Relations,maltego.STIX2.campaign,To Relationships (explicit) [OpenCTI],infrastructure
opencti.campaign.location.StixDomainEntityToStixDomainEntity,OpenCTI: Campaign to Location,maltego.STIX2.campaign,To Relationships (implicit) [OpenCTI],location
opencti.campaign.location.StixDomainEntityToRelations,OpenCTI: Campaign to Location Relations,maltego.STIX2.campaign,To Relationships (explicit) [OpenCTI],location
opencti.incident.StixDomainEntityToStixDomainEntity,OpenCTI: Incident to all Entities,maltego.STIX2.incident,To all Relationships (implicit) [OpenCTI],maltego.Unknown
opencti.incident.StixDomainEntityToRelations,OpenCTI: Incident to all Relations,maltego.STIX2.incident,To all Relationships (explicit) [OpenCTI],maltego.Unknown
opencti.incident.StixDomainEntityToSightings,OpenCTI: Incident to Sightings,maltego.STIX2.incident,To Sightings [OpenCTI],maltego.Unknown
opencti.incident.StixDomainEntityToStixObservable,OpenCTI: Incident to all Observables,maltego.STIX2.incident,To Observables [OpenCTI],stix-cyber-observable
opencti.incident.identity.StixDomainEntityToStixDomainEntity,OpenCTI: Incident to Identities,maltego.STIX2.incident,To Relationships (implicit) [OpenCTI],identity
opencti.incident.identity.StixDomainEntityToRelations,OpenCTI: Incident to Identity Relations,maltego.STIX2.incident,To Relationships (explicit) [OpenCTI],identity
opencti.incident.threat-actor.StixDomainEntityToStixDomainEntity,OpenCTI: Incident to Threat Actors,maltego.STIX2.incident,To Relationships (implicit) [OpenCTI],threat-actor
opencti.incident.threat-actor.StixDomainEntityToRelations,OpenCTI: Incident to Threat Actor Relations,maltego.STIX2.incident,To Relationships (explicit) [OpenCTI],threat-actor
opencti.incident.intrusion-set.StixDomainEntityToStixDomainEntity,OpenCTI: Incident to Intrusion Sets,maltego.STIX2.incident,To Relationships (implicit) [OpenCTI],intrusion-set
opencti.incident.intrusion-set.StixDomainEntityToRelations,OpenCTI: Incident to Intrusion Set Relations,maltego.STIX2.incident,To Relationships (explicit) [OpenCTI],intrusion-set
opencti.incident.campaign.StixDomainEntityToStixDomainEntity,OpenCTI: Incident to Campaigns,maltego.STIX2.incident,To Relationships (implicit) [OpenCTI],campaign
opencti.incident.campaign.StixDomainEntityToRelations,OpenCTI: Incident to Campaign Relations,maltego.STIX2.incident,To Relationships (explicit) [OpenCTI],campaign
opencti.incident.incident.StixDomainEntityToStixDomainEntity,OpenCTI: Incident to Incidents,maltego.STIX2.incident,To Relationships (implicit) [OpenCTI],incident
opencti.incident.incident.StixDomainEntityToRelations,OpenCTI: Incident to Incident Relations,maltego.STIX2.incident,To Relationships (explicit) [OpenCTI],incident
opencti.incident.malware.StixDomainEntityToStixDomainEntity,OpenCTI: Incident to Malware,maltego.STIX2.incident,To Relationships (implicit) [OpenCTI],malware
opencti.incident.malware.StixDomainEntityToRelations,OpenCTI: Incident to Malware Relations,maltego.STIX2.incident,To Relationships (explicit) [OpenCTI],malware
opencti.incident.tool.StixDomainEntityToStixDomainEntity,OpenCTI: Incident to Tools,maltego.STIX2.incident,To Relationships (implicit) [OpenCTI],tool
opencti.incident.tool.StixDomainEntityToRelations,OpenCTI: Incident to Tool Relations,maltego.STIX2.incident,To Relationships (explicit) [OpenCTI],tool
opencti.incident.vulnerability.StixDomainEntityToStixDomainEntity,OpenCTI: Incident to Vulnerabilities,maltego.STIX2.incident,To Relationships (implicit) [OpenCTI],vulnerability
opencti.incident.vulnerability.StixDomainEntityToRelations,OpenCTI: Incident to Vulnerability Relations,maltego.STIX2.incident,To Relationships (explicit) [OpenCTI],vulnerability
opencti.incident.attack-pattern.StixDomainEntityToStixDomainEntity,OpenCTI: Incident to Attack Patterns,maltego.STIX2.incident,To Relationships (implicit) [OpenCTI],attack-pattern
opencti.incident.attack-pattern.StixDomainEntityToRelations,OpenCTI: Incident to Attack Pattern Relations,maltego.STIX2.incident,To Relationships (explicit) [OpenCTI],attack-pattern
opencti.incident.indicator.StixDomainEntityToStixDomainEntity,OpenCTI: Incident to Indicators,maltego.STIX2.incident,To Relationships (implicit) [OpenCTI],indicator
opencti.incident.indicator.StixDomainEntityToRelations,OpenCTI: Incident to Indicators Relations,maltego.STIX2.incident,To Relationships (explicit) [OpenCTI],indicator
opencti.incident.infrastructure.StixDomainEntityToStixDomainEntity,OpenCTI: Incident to Infrastructure,maltego.STIX2.incident,To Relationships (implicit) [OpenCTI],infrastructure
opencti.incident.infrastructure.StixDomainEntityToRelations,OpenCTI: Incident to Infrastructure Relations,maltego.STIX2.incident,To Relationships (explicit) [OpenCTI],infrastructure
opencti.incident.location.StixDomainEntityToStixDomainEntity,OpenCTI: Incident to Location,maltego.STIX2.incident,To Relationships (implicit) [OpenCTI],location
opencti.incident.location.StixDomainEntityToRelations,OpenCTI: Incident to Location Relations,maltego.STIX2.incident,To Relationships (explicit) [OpenCTI],location
opencti.malware.StixDomainEntityToStixDomainEntity,OpenCTI: Malware to all Entities,maltego.STIX2.malware,To all Relationships (implicit) [OpenCTI],maltego.Unknown
opencti.malware.StixDomainEntityToRelations,OpenCTI: Malware to all Relations,maltego.STIX2.malware,To all Relationships (explicit) [OpenCTI],maltego.Unknown
opencti.malware.StixDomainEntityToSightings,OpenCTI: Malware to Sightings,maltego.STIX2.malware,To Sightings [OpenCTI],maltego.Unknown
opencti.malware.StixDomainEntityToStixObservable,OpenCTI: Malware to all Observables,maltego.STIX2.malware,To Observables [OpenCTI],stix-cyber-observable
opencti.malware.identity.StixDomainEntityToStixDomainEntity,OpenCTI: Malware to Identities,maltego.STIX2.malware,To Relationships (implicit) [OpenCTI],identity
opencti.malware.identity.StixDomainEntityToRelations,OpenCTI: Malware to Identity Relations,maltego.STIX2.malware,To Relationships (explicit) [OpenCTI],identity
opencti.malware.threat-actor.StixDomainEntityToStixDomainEntity,OpenCTI: Malware to Threat Actors,maltego.STIX2.malware,To Relationships (implicit) [OpenCTI],threat-actor
opencti.malware.threat-actor.StixDomainEntityToRelations,OpenCTI: Malware to Threat Actor Relations,maltego.STIX2.malware,To Relationships (explicit) [OpenCTI],threat-actor
opencti.malware.intrusion-set.StixDomainEntityToStixDomainEntity,OpenCTI: Malware to Intrusion Sets,maltego.STIX2.malware,To Relationships (implicit) [OpenCTI],intrusion-set
opencti.malware.intrusion-set.StixDomainEntityToRelations,OpenCTI: Malware to Intrusion Set Relations,maltego.STIX2.malware,To Relationships (explicit) [OpenCTI],intrusion-set
opencti.malware.campaign.StixDomainEntityToStixDomainEntity,OpenCTI: Malware to Campaigns,maltego.STIX2.malware,To Relationships (implicit) [OpenCTI],campaign
opencti.malware.campaign.StixDomainEntityToRelations,OpenCTI: Malware to Campaign Relations,maltego.STIX2.malware,To Relationships (explicit) [OpenCTI],campaign
opencti.malware.incident.StixDomainEntityToStixDomainEntity,OpenCTI: Malware to Incidents,maltego.STIX2.malware,To Relationships (implicit) [OpenCTI],incident
opencti.malware.incident.StixDomainEntityToRelations,OpenCTI: Malware to Incident Relations,maltego.STIX2.malware,To Relationships (explicit) [OpenCTI],incident
opencti.malware.malware.StixDomainEntityToStixDomainEntity,OpenCTI: Malware to Malware,maltego.STIX2.malware,To Relationships (implicit) [OpenCTI],malware
opencti.malware.malware.StixDomainEntityToRelations,OpenCTI: Malware to Malware Relations,maltego.STIX2.malware,To Relationships (explicit) [OpenCTI],malware
opencti.malware.tool.StixDomainEntityToStixDomainEntity,OpenCTI: Malware to Tools,maltego.STIX2.malware,To Relationships (implicit) [OpenCTI],tool
opencti.malware.tool.StixDomainEntityToRelations,OpenCTI: Malware to Tool Relations,maltego.STIX2.malware,To Relationships (explicit) [OpenCTI],tool
opencti.malware.vulnerability.StixDomainEntityToStixDomainEntity,OpenCTI: Malware to Vulnerabilities,maltego.STIX2.malware,To Relationships (implicit) [OpenCTI],vulnerability
opencti.malware.vulnerability.StixDomainEntityToRelations,OpenCTI: Malware to Vulnerability Relations,maltego.STIX2.malware,To Relationships (explicit) [OpenCTI],vulnerability
opencti.malware.attack-pattern.StixDomainEntityToStixDomainEntity,OpenCTI: Malware to Attack Patterns,maltego.STIX2.malware,To Relationships (implicit) [OpenCTI],attack-pattern
opencti.malware.attack-pattern.StixDomainEntityToRelations,OpenCTI: Malware to Attack Pattern Relations,maltego.STIX2.malware,To Relationships (explicit) [OpenCTI],attack-pattern
opencti.malware.indicator.StixDomainEntityToStixDomainEntity,OpenCTI: Malware to Indicators,maltego.STIX2.malware,To Relationships (implicit) [OpenCTI],indicator
opencti.malware.indicator.StixDomainEntityToRelations,OpenCTI: Malware to Indicators Relations,maltego.STIX2.malware,To Relationships (explicit) [OpenCTI],indicator
opencti.malware.infrastructure.StixDomainEntityToStixDomainEntity,OpenCTI: Malware to Infrastructure,maltego.STIX2.malware,To Relationships (implicit) [OpenCTI],infrastructure
opencti.malware.infrastructure.StixDomainEntityToRelations,OpenCTI: Malware to Infrastructure Relations,maltego.STIX2.malware,To Relationships (explicit) [OpenCTI],infrastructure
opencti.malware.location.StixDomainEntityToStixDomainEntity,OpenCTI: Malware to Location,maltego.STIX2.malware,To Relationships (implicit) [OpenCTI],location
opencti.malware.location.StixDomainEntityToRelations,OpenCTI: Malware to Location Relations,maltego.STIX2.malware,To Relationships (explicit) [OpenCTI],location
opencti.tool.StixDomainEntityToStixDomainEntity,OpenCTI: Tool to all Entities,maltego.STIX2.tool,To all Relationships (implicit) [OpenCTI],maltego.Unknown
opencti.tool.StixDomainEntityToRelations,OpenCTI: Tool to all Relations,maltego.STIX2.tool,To all Relationships (explicit) [OpenCTI],maltego.Unknown
opencti.tool.StixDomainEntityToSightings,OpenCTI: Tool to Sightings,maltego.STIX2.tool,To Sightings [OpenCTI],maltego.Unknown
opencti.tool.StixDomainEntityToStixObservable,OpenCTI: Tool to all Observables,maltego.STIX2.tool,To Observables [OpenCTI],stix-cyber-observable
opencti.tool.identity.StixDomainEntityToStixDomainEntity,OpenCTI: Tool to Identities,maltego.STIX2.tool,To Relationships (implicit) [OpenCTI],identity
opencti.tool.identity.StixDomainEntityToRelations,OpenCTI: Tool to Identity Relations,maltego.STIX2.tool,To Relationships (explicit) [OpenCTI],identity
opencti.tool.threat-actor.StixDomainEntityToStixDomainEntity,OpenCTI: Tool to Threat Actors,maltego.STIX2.tool,To Relationships (implicit) [OpenCTI],threat-actor
opencti.tool.threat-actor.StixDomainEntityToRelations,OpenCTI: Tool to Threat Actor Relations,maltego.STIX2.tool,To Relationships (explicit) [OpenCTI],threat-actor
opencti.tool.intrusion-set.StixDomainEntityToStixDomainEntity,OpenCTI: Tool to Intrusion Sets,maltego.STIX2.tool,To Relationships (implicit) [OpenCTI],intrusion-set
opencti.tool.intrusion-set.StixDomainEntityToRelations,OpenCTI: Tool to Intrusion Set Relations,maltego.STIX2.tool,To Relationships (explicit) [OpenCTI],intrusion-set
opencti.tool.campaign.StixDomainEntityToStixDomainEntity,OpenCTI: Tool to Campaigns,maltego.STIX2.tool,To Relationships (implicit) [OpenCTI],campaign
opencti.tool.campaign.StixDomainEntityToRelations,OpenCTI: Tool to Campaign Relations,maltego.STIX2.tool,To Relationships (explicit) [OpenCTI],campaign
opencti.tool.incident.StixDomainEntityToStixDomainEntity,OpenCTI: Tool to Incidents,maltego.STIX2.tool,To Relationships (implicit) [OpenCTI],incident
opencti.tool.incident.StixDomainEntityToRelations,OpenCTI: Tool to Incident Relations,maltego.STIX2.tool,To Relationships (explicit) [OpenCTI],incident
opencti.tool.malware.StixDomainEntityToStixDomainEntity,OpenCTI: Tool to Malware,maltego.STIX2.tool,To Relationships (implicit) [OpenCTI],malware
opencti.tool.malware.StixDomainEntityToRelations,OpenCTI: Tool to Malware Relations,maltego.STIX2.tool,To Relationships (explicit) [OpenCTI],malware
opencti.tool.tool.StixDomainEntityToStixDomainEntity,OpenCTI: Tool to Tools,maltego.STIX2.tool,To Relationships (implicit) [OpenCTI],tool
opencti.tool.tool.StixDomainEntityToRelations,OpenCTI: Tool to Tool Relations,maltego.STIX2.tool,To Relationships (explicit) [OpenCTI],tool
opencti.tool.vulnerability.StixDomainEntityToStixDomainEntity,OpenCTI: Tool to Vulnerabilities,maltego.STIX2.tool,To Relationships (implicit) [OpenCTI],vulnerability
opencti.tool.vulnerability.StixDomainEntityToRelations,OpenCTI: Tool to Vulnerability Relations,maltego.STIX2.tool,To Relationships (explicit) [OpenCTI],vulnerability
opencti.tool.attack-pattern.StixDomainEntityToStixDomainEntity,OpenCTI: Tool to Attack Patterns,maltego.STIX2.tool,To Relationships (implicit) [OpenCTI],attack-pattern
opencti.tool.attack-pattern.StixDomainEntityToRelations,OpenCTI: Tool to Attack Pattern Relations,maltego.STIX2.tool,To Relationships (explicit) [OpenCTI],attack-pattern
opencti.tool.indicator.StixDomainEntityToStixDomainEntity,OpenCTI: Tool to Indicators,maltego.STIX2.tool,To Relationships (implicit) [OpenCTI],indicator
opencti.tool.indicator.StixDomainEntityToRelations,OpenCTI: Tool to Indicators Relations,maltego.STIX2.tool,To Relationships (explicit) [OpenCTI],indicator
opencti.tool.infrastructure.StixDomainEntityToStixDomainEntity,OpenCTI: Tool to Infrastructure,maltego.STIX2.tool,To Relationships (implicit) [OpenCTI],infrastructure
opencti.tool.infrastructure.StixDomainEntityToRelations,OpenCTI: Tool to Infrastructure Relations,maltego.STIX2.tool,To Relationships (explicit) [OpenCTI],infrastructure
opencti.tool.location.StixDomainEntityToStixDomainEntity,OpenCTI: Tool to Location,maltego.STIX2.tool,To Relationships (implicit) [OpenCTI],location
opencti.tool.location.StixDomainEntityToRelations,OpenCTI: Tool to Location Relations,maltego.STIX2.tool,To Relationships (explicit) [OpenCTI],location
opencti.vulnerability.StixDomainEntityToStixDomainEntity,OpenCTI: Vulnerability to all Entities,maltego.STIX2.vulnerability,To all Relationships (implicit) [OpenCTI],maltego.Unknown
opencti.vulnerability.StixDomainEntityToRelations,OpenCTI: Vulnerability to all Relations,maltego.STIX2.vulnerability,To all Relationships (explicit) [OpenCTI],maltego.Unknown
opencti.vulnerability.StixDomainEntityToSightings,OpenCTI: Vulnerability to Sightings,maltego.STIX2.vulnerability,To Sightings [OpenCTI],maltego.Unknown
opencti.vulnerability.StixDomainEntityToStixObservable,OpenCTI: Vulnerability to all Observables,maltego.STIX2.vulnerability,To Observables [OpenCTI],stix-cyber-observable
opencti.vulnerability.identity.StixDomainEntityToStixDomainEntity,OpenCTI: Vulnerability to Identities,maltego.STIX2.vulnerability,To Relationships (implicit) [OpenCTI],identity
opencti.vulnerability.identity.StixDomainEntityToRelations,OpenCTI: Vulnerability to Identity Relations,maltego.STIX2.vulnerability,To Relationships (explicit) [OpenCTI],identity
opencti.vulnerability.threat-actor.StixDomainEntityToStixDomainEntity,OpenCTI: Vulnerability to Threat Actors,maltego.STIX2.vulnerability,To Relationships (implicit) [OpenCTI],threat-actor
opencti.vulnerability.threat-actor.StixDomainEntityToRelations,OpenCTI: Vulnerability to Threat Actor Relations,maltego.STIX2.vulnerability,To Relationships (explicit) [OpenCTI],threat-actor
opencti.vulnerability.intrusion-set.StixDomainEntityToStixDomainEntity,OpenCTI: Vulnerability to Intrusion Sets,maltego.STIX2.vulnerability,To Relationships (implicit) [OpenCTI],intrusion-set
opencti.vulnerability.intrusion-set.StixDomainEntityToRelations,OpenCTI: Vulnerability to Intrusion Set Relations,maltego.STIX2.vulnerability,To Relationships (explicit) [OpenCTI],intrusion-set
opencti.vulnerability.campaign.StixDomainEntityToStixDomainEntity,OpenCTI: Vulnerability to Campaigns,maltego.STIX2.vulnerability,To Relationships (implicit) [OpenCTI],campaign
opencti.vulnerability.campaign.StixDomainEntityToRelations,OpenCTI: Vulnerability to Campaign Relations,maltego.STIX2.vulnerability,To Relationships (explicit) [OpenCTI],campaign
opencti.vulnerability.incident.StixDomainEntityToStixDomainEntity,OpenCTI: Vulnerability to Incidents,maltego.STIX2.vulnerability,To Relationships (implicit) [OpenCTI],incident
opencti.vulnerability.incident.StixDomainEntityToRelations,OpenCTI: Vulnerability to Incident Relations,maltego.STIX2.vulnerability,To Relationships (explicit) [OpenCTI],incident
opencti.vulnerability.malware.StixDomainEntityToStixDomainEntity,OpenCTI: Vulnerability to Malware,maltego.STIX2.vulnerability,To Relationships (implicit) [OpenCTI],malware
opencti.vulnerability.malware.StixDomainEntityToRelations,OpenCTI: Vulnerability to Malware Relations,maltego.STIX2.vulnerability,To Relationships (explicit) [OpenCTI],malware
opencti.vulnerability.tool.StixDomainEntityToStixDomainEntity,OpenCTI: Vulnerability to Tools,maltego.STIX2.vulnerability,To Relationships (implicit) [OpenCTI],tool
opencti.vulnerability.tool.StixDomainEntityToRelations,OpenCTI: Vulnerability to Tool Relations,maltego.STIX2.vulnerability,To Relationships (explicit) [OpenCTI],tool
opencti.vulnerability.vulnerability.StixDomainEntityToStixDomainEntity,OpenCTI: Vulnerability to Vulnerabilities,maltego.STIX2.vulnerability,To Relationships (implicit) [OpenCTI],vulnerability
opencti.vulnerability.vulnerability.StixDomainEntityToRelations,OpenCTI: Vulnerability to Vulnerability Relations,maltego.STIX2.vulnerability,To Relationships (explicit) [OpenCTI],vulnerability
opencti.vulnerability.attack-pattern.StixDomainEntityToStixDomainEntity,OpenCTI: Vulnerability to Attack Patterns,maltego.STIX2.vulnerability,To Relationships (implicit) [OpenCTI],attack-pattern
opencti.vulnerability.attack-pattern.StixDomainEntityToRelations,OpenCTI: Vulnerability to Attack Pattern Relations,maltego.STIX2.vulnerability,To Relationships (explicit) [OpenCTI],attack-pattern
opencti.vulnerability.indicator.StixDomainEntityToStixDomainEntity,OpenCTI: Vulnerability to Indicators,maltego.STIX2.vulnerability,To Relationships (implicit) [OpenCTI],indicator
opencti.vulnerability.indicator.StixDomainEntityToRelations,OpenCTI: Vulnerability to Indicators Relations,maltego.STIX2.vulnerability,To Relationships (explicit) [OpenCTI],indicator
opencti.vulnerability.infrastructure.StixDomainEntityToStixDomainEntity,OpenCTI: Vulnerability to Infrastructure,maltego.STIX2.vulnerability,To Relationships (implicit) [OpenCTI],infrastructure
opencti.vulnerability.infrastructure.StixDomainEntityToRelations,OpenCTI: Vulnerability to Infrastructure Relations,maltego.STIX2.vulnerability,To Relationships (explicit) [OpenCTI],infrastructure
opencti.vulnerability.location.StixDomainEntityToStixDomainEntity,OpenCTI: Vulnerability to Location,maltego.STIX2.vulnerability,To Relationships (implicit) [OpenCTI],location
opencti.vulnerability.location.StixDomainEntityToRelations,OpenCTI: Vulnerability to Location Relations,maltego.STIX2.vulnerability,To Relationships (explicit) [OpenCTI],location
opencti.attack-pattern.StixDomainEntityToStixDomainEntity,OpenCTI: Attack Pattern to all Entities,maltego.STIX2.attack-pattern,To all Relationships (implicit) [OpenCTI],maltego.Unknown
opencti.attack-pattern.StixDomainEntityToRelations,OpenCTI: Attack Pattern to all Relations,maltego.STIX2.attack-pattern,To all Relationships (explicit) [OpenCTI],maltego.Unknown
opencti.attack-pattern.StixDomainEntityToSightings,OpenCTI: Attack Pattern to Sightings,maltego.STIX2.attack-pattern,To Sightings [OpenCTI],maltego.Unknown
opencti.attack-pattern.StixDomainEntityToStixObservable,OpenCTI: Attack Pattern to all Observables,maltego.STIX2.attack-pattern,To Observables [OpenCTI],stix-cyber-observable
opencti.attack-pattern.identity.StixDomainEntityToStixDomainEntity,OpenCTI: Attack Pattern to Identities,maltego.STIX2.attack-pattern,To Relationships (implicit) [OpenCTI],identity
opencti.attack-pattern.identity.StixDomainEntityToRelations,OpenCTI: Attack Pattern to Identity Relations,maltego.STIX2.attack-pattern,To Relationships (explicit) [OpenCTI],identity
opencti.attack-pattern.threat-actor.StixDomainEntityToStixDomainEntity,OpenCTI: Attack Pattern to Threat Actors,maltego.STIX2.attack-pattern,To Relationships (implicit) [OpenCTI],threat-actor
opencti.attack-pattern.threat-actor.StixDomainEntityToRelations,OpenCTI: Attack Pattern to Threat Actor Relations,maltego.STIX2.attack-pattern,To Relationships (explicit) [OpenCTI],threat-actor
opencti.attack-pattern.intrusion-set.StixDomainEntityToStixDomainEntity,OpenCTI: Attack Pattern to Intrusion Sets,maltego.STIX2.attack-pattern,To Relationships (implicit) [OpenCTI],intrusion-set
opencti.attack-pattern.intrusion-set.StixDomainEntityToRelations,OpenCTI: Attack Pattern to Intrusion Set Relations,maltego.STIX2.attack-pattern,To Relationships (explicit) [OpenCTI],intrusion-set
opencti.attack-pattern.campaign.StixDomainEntityToStixDomainEntity,OpenCTI: Attack Pattern to Campaigns,maltego.STIX2.attack-pattern,To Relationships (implicit) [OpenCTI],campaign
opencti.attack-pattern.campaign.StixDomainEntityToRelations,OpenCTI: Attack Pattern to Campaign Relations,maltego.STIX2.attack-pattern,To Relationships (explicit) [OpenCTI],campaign
opencti.attack-pattern.incident.StixDomainEntityToStixDomainEntity,OpenCTI: Attack Pattern to Incidents,maltego.STIX2.attack-pattern,To Relationships (implicit) [OpenCTI],incident
opencti.attack-pattern.incident.StixDomainEntityToRelations,OpenCTI: Attack Pattern to Incident Relations,maltego.STIX2.attack-pattern,To Relationships (explicit) [OpenCTI],incident
opencti.attack-pattern.malware.StixDomainEntityToStixDomainEntity,OpenCTI: Attack Pattern to Malware,maltego.STIX2.attack-pattern,To Relationships (implicit) [OpenCTI],malware
opencti.attack-pattern.malware.StixDomainEntityToRelations,OpenCTI: Attack Pattern to Malware Relations,maltego.STIX2.attack-pattern,To Relationships (explicit) [OpenCTI],malware
opencti.attack-pattern.tool.StixDomainEntityToStixDomainEntity,OpenCTI: Attack Pattern to Tools,maltego.STIX2.attack-pattern,To Relationships (implicit) [OpenCTI],tool
opencti.attack-pattern.tool.StixDomainEntityToRelations,OpenCTI: Attack Pattern to Tool Relations,maltego.STIX2.attack-pattern,To Relationships (explicit) [OpenCTI],tool
opencti.attack-pattern.vulnerability.StixDomainEntityToStixDomainEntity,OpenCTI: Attack Pattern to Vulnerabilities,maltego.STIX2.attack-pattern,To Relationships (implicit) [OpenCTI],vulnerability
opencti.attack-pattern.vulnerability.StixDomainEntityToRelations,OpenCTI: Attack Pattern to Vulnerability Relations,maltego.STIX2.attack-pattern,To Relationships (explicit) [OpenCTI],vulnerability
opencti.attack-pattern.attack-pattern.StixDomainEntityToStixDomainEntity,OpenCTI: Attack Pattern to Attack Patterns,maltego.STIX2.attack-pattern,To Relationships (implicit) [OpenCTI],attack-pattern
opencti.attack-pattern.attack-pattern.StixDomainEntityToRelations,OpenCTI: Attack Pattern to Attack Pattern Relations,maltego.STIX2.attack-pattern,To Relationships (explicit) [OpenCTI],attack-pattern
opencti.attack-pattern.course-of-action.StixDomainEntityToStixDomainEntity,OpenCTI: Attack Pattern to Courses Of Action,maltego.STIX2.attack-pattern,To Relationships (implicit) [OpenCTI],course-of-action
opencti.attack-pattern.course-of-action.StixDomainEntityToRelations,OpenCTI: Attack Pattern to Courses Of Action Relations,maltego.STIX2.attack-pattern,To Relationships (explicit) [OpenCTI],course-of-action
opencti.attack-pattern.indicator.StixDomainEntityToStixDomainEntity,OpenCTI: Attack Pattern to Indicators,maltego.STIX2.attack-pattern,To Relationships (implicit) [OpenCTI],indicator
opencti.attack-pattern.indicator.StixDomainEntityToRelations,OpenCTI: Attack Pattern to Indicators Relations,maltego.STIX2.attack-pattern,To Relationships (explicit) [OpenCTI],indicator
opencti.attack-pattern.infrastructure.StixDomainEntityToStixDomainEntity,OpenCTI: Attack Pattern to Infrastructure,maltego.STIX2.attack-pattern,To Relationships (implicit) [OpenCTI],infrastructure
opencti.attack-pattern.infrastructure.StixDomainEntityToRelations,OpenCTI: Attack Pattern to Infrastructure Relations,maltego.STIX2.attack-pattern,To Relationships (explicit) [OpenCTI],infrastructure
opencti.attack-pattern.location.StixDomainEntityToStixDomainEntity,OpenCTI: Attack Pattern to Location,maltego.STIX2.attack-pattern,To Relationships (implicit) [OpenCTI],location
opencti.attack-pattern.location.StixDomainEntityToRelations,OpenCTI: Attack Pattern to Location Relations,maltego.STIX2.attack-pattern,To Relationships (explicit) [OpenCTI],location
opencti.course-of-action.StixDomainEntityToStixDomainEntity,OpenCTI: Course Of Action to all Entities,maltego.STIX2.course-of-action,To all Relationships (implicit) [OpenCTI],maltego.Unknown
opencti.course-of-action.StixDomainEntityToRelations,OpenCTI: Course Of Action to all Relations,maltego.STIX2.course-of-action,To all Relationships (explicit) [OpenCTI],maltego.Unknown
opencti.course-of-action.StixDomainEntityToSightings,OpenCTI: Course Of Action to Sightings,maltego.STIX2.course-of-action,To Sightings [OpenCTI],maltego.Unknown
opencti.course-of-action.StixDomainEntityToStixObservable,OpenCTI: Course Of Action to all Observables,maltego.STIX2.course-of-action,To Observables [OpenCTI],stix-cyber-observable
opencti.course-of-action.identity.StixDomainEntityToStixDomainEntity,OpenCTI: Course Of Action to Identities,maltego.STIX2.course-of-action,To Relationships (implicit) [OpenCTI],identity
opencti.course-of-action.identity.StixDomainEntityToRelations,OpenCTI: Course Of Action to Identity Relations,maltego.STIX2.course-of-action,To Relationships (explicit) [OpenCTI],identity
opencti.course-of-action.threat-actor.StixDomainEntityToStixDomainEntity,OpenCTI: Course Of Action to Threat Actors,maltego.STIX2.course-of-action,To Relationships (implicit) [OpenCTI],threat-actor
opencti.course-of-action.threat-actor.StixDomainEntityToRelations,OpenCTI: Course Of Action to Threat Actor Relations,maltego.STIX2.course-of-action,To Relationships (explicit) [OpenCTI],threat-actor
opencti.course-of-action.intrusion-set.StixDomainEntityToStixDomainEntity,OpenCTI: Course Of Action to Intrusion Sets,maltego.STIX2.course-of-action,To Relationships (implicit) [OpenCTI],intrusion-set
opencti.course-of-action.intrusion-set.StixDomainEntityToRelations,OpenCTI: Course Of Action to Intrusion Set Relations,maltego.STIX2.course-of-action,To Relationships (explicit) [OpenCTI],intrusion-set
opencti.course-of-action.campaign.StixDomainEntityToStixDomainEntity,OpenCTI: Course Of Action to Campaigns,maltego.STIX2.course-of-action,To Relationships (implicit) [OpenCTI],campaign
opencti.course-of-action.campaign.StixDomainEntityToRelations,OpenCTI: Course Of Action to Campaign Relations,maltego.STIX2.course-of-action,To Relationships (explicit) [OpenCTI],campaign
opencti.course-of-action.incident.StixDomainEntityToStixDomainEntity,OpenCTI: Course Of Action to Incidents,maltego.STIX2.course-of-action,To Relationships (implicit) [OpenCTI],incident
opencti.course-of-action.incident.StixDomainEntityToRelations,OpenCTI: Course Of Action to Incident Relations,maltego.STIX2.course-of-action,To Relationships (explicit) [OpenCTI],incident
opencti.course-of-action.malware.StixDomainEntityToStixDomainEntity,OpenCTI: Course Of Action to Malware,maltego.STIX2.course-of-action,To Relationships (implicit) [OpenCTI],malware
opencti.course-of-action.malware.StixDomainEntityToRelations,OpenCTI: Course Of Action to Malware Relations,maltego.STIX2.course-of-action,To Relationships (explicit) [OpenCTI],malware
opencti.course-of-action.tool.StixDomainEntityToStixDomainEntity,OpenCTI: Course Of Action to Tools,maltego.STIX2.course-of-action,To Relationships (implicit) [OpenCTI],tool
opencti.course-of-action.tool.StixDomainEntityToRelations,OpenCTI: Course Of Action to Tool Relations,maltego.STIX2.course-of-action,To Relationships (explicit) [OpenCTI],tool
opencti.course-of-action.vulnerability.StixDomainEntityToStixDomainEntity,OpenCTI: Course Of Action to Vulnerabilities,maltego.STIX2.course-of-action,To Relationships (implicit) [OpenCTI],vulnerability
opencti.course-of-action.vulnerability.StixDomainEntityToRelations,OpenCTI: Course Of Action to Vulnerability Relations,maltego.STIX2.course-of-action,To Relationships (explicit) [OpenCTI],vulnerability
opencti.course-of-action.attack-pattern.StixDomainEntityToStixDomainEntity,OpenCTI: Course Of Action to Attack Patterns,maltego.STIX2.course-of-action,To Relationships (implicit) [OpenCTI],attack-pattern
opencti.course-of-action.attack-pattern.StixDomainEntityToRelations,OpenCTI: Course Of Action to Attack Pattern Relations,maltego.STIX2.course-of-action,To Relationships (explicit) [OpenCTI],attack-pattern
opencti.course-of-action.course-of-action.StixDomainEntityToStixDomainEntity,OpenCTI: Course Of Action to Courses Of Action,maltego.STIX2.course-of-action,To Relationships (implicit) [OpenCTI],course-of-action
opencti.course-of-action.course-of-action.StixDomainEntityToRelations,OpenCTI: Course Of Action to Courses Of Action Relations,maltego.STIX2.course-of-action,To Relationships (explicit) [OpenCTI],course-of-action
opencti.course-of-action.indicator.StixDomainEntityToStixDomainEntity,OpenCTI: Course Of Action to Indicators,maltego.STIX2.course-of-action,To Relationships (implicit) [OpenCTI],indicator
opencti.course-of-action.indicator.StixDomainEntityToRelations,OpenCTI: Course Of Action to Indicators Relations,maltego.STIX2.course-of-action,To Relationships (explicit) [OpenCTI],indicator
opencti.course-of-action.infrastructure.StixDomainEntityToStixDomainEntity,OpenCTI: Course Of Action to Infrastructure,maltego.STIX2.course-of-action,To Relationships (implicit) [OpenCTI],infrastructure
opencti.course-of-action.infrastructure.StixDomainEntityToRelations,OpenCTI: Course Of Action to Infrastructure Relations,maltego.STIX2.course-of-action,To Relationships (explicit) [OpenCTI],infrastructure
opencti.course-of-action.location.StixDomainEntityToStixDomainEntity,OpenCTI: Course Of Action to Location,maltego.STIX2.course-of-action,To Relationships (implicit) [OpenCTI],location
opencti.course-of-action.location.StixDomainEntityToRelations,OpenCTI: Course Of Action to Location Relations,maltego.STIX2.course-of-action,To Relationships (explicit) [OpenCTI],location
opencti.infrastructure.StixDomainEntityToStixDomainEntity,OpenCTI: Infrastructure to all Entities,maltego.STIX2.infrastructure,To all Relationships (implicit) [OpenCTI],maltego.Unknown
opencti.infrastructure.StixDomainEntityToRelations,OpenCTI: Infrastructure to all Relations,maltego.STIX2.infrastructure,To all Relationships (explicit) [OpenCTI],maltego.Unknown
opencti.infrastructure.StixDomainEntityToSightings,OpenCTI: Infrastructure to Sightings,maltego.STIX2.infrastructure,To Sightings [OpenCTI],maltego.Unknown
opencti.infrastructure.StixDomainEntityToStixObservable,OpenCTI: Infrastructure to all Observables,maltego.STIX2.infrastructure-pattern,To Observables [OpenCTI],stix-cyber-observable
opencti.infrastructure.identity.StixDomainEntityToStixDomainEntity,OpenCTI: Infrastructure to Identities,maltego.STIX2.infrastructure,To Relationships (implicit) [OpenCTI],identity
opencti.infrastructure.identity.StixDomainEntityToRelations,OpenCTI: Infrastructure to Identity Relations,maltego.STIX2.infrastructure,To Relationships (explicit) [OpenCTI],identity
opencti.infrastructure.threat-actor.StixDomainEntityToStixDomainEntity,OpenCTI: Infrastructure to Threat Actors,maltego.STIX2.infrastructure,To Relationships (implicit) [OpenCTI],threat-actor
opencti.infrastructure.threat-actor.StixDomainEntityToRelations,OpenCTI: Infrastructure to Threat Actor Relations,maltego.STIX2.infrastructure,To Relationships (explicit) [OpenCTI],threat-actor
opencti.infrastructure.intrusion-set.StixDomainEntityToStixDomainEntity,OpenCTI: Infrastructure to Intrusion Sets,maltego.STIX2.infrastructure,To Relationships (implicit) [OpenCTI],intrusion-set
opencti.infrastructure.intrusion-set.StixDomainEntityToRelations,OpenCTI: Infrastructure to Intrusion Set Relations,maltego.STIX2.infrastructure,To Relationships (explicit) [OpenCTI],intrusion-set
opencti.infrastructure.campaign.StixDomainEntityToStixDomainEntity,OpenCTI: Infrastructure to Campaigns,maltego.STIX2.infrastructure,To Relationships (implicit) [OpenCTI],campaign
opencti.infrastructure.campaign.StixDomainEntityToRelations,OpenCTI: Infrastructure to Campaign Relations,maltego.STIX2.infrastructure,To Relationships (explicit) [OpenCTI],campaign
opencti.infrastructure.incident.StixDomainEntityToStixDomainEntity,OpenCTI: Infrastructure to Incidents,maltego.STIX2.infrastructure,To Relationships (implicit) [OpenCTI],incident
opencti.infrastructure.incident.StixDomainEntityToRelations,OpenCTI: Infrastructure to Incident Relations,maltego.STIX2.infrastructure,To Relationships (explicit) [OpenCTI],incident
opencti.infrastructure.malware.StixDomainEntityToStixDomainEntity,OpenCTI: Infrastructure to Malware,maltego.STIX2.infrastructure,To Relationships (implicit) [OpenCTI],malware
opencti.infrastructure.malware.StixDomainEntityToRelations,OpenCTI: Infrastructure to Malware Relations,maltego.STIX2.infrastructure,To Relationships (explicit) [OpenCTI],malware
opencti.infrastructure.tool.StixDomainEntityToStixDomainEntity,OpenCTI: Infrastructure to Tools,maltego.STIX2.infrastructure,To Relationships (implicit) [OpenCTI],tool
opencti.infrastructure.tool.StixDomainEntityToRelations,OpenCTI: Infrastructure to Tool Relations,maltego.STIX2.infrastructure,To Relationships (explicit) [OpenCTI],tool
opencti.infrastructure.vulnerability.StixDomainEntityToStixDomainEntity,OpenCTI: Infrastructure to Vulnerabilities,maltego.STIX2.infrastructure,To Relationships (implicit) [OpenCTI],vulnerability
opencti.infrastructure.vulnerability.StixDomainEntityToRelations,OpenCTI: Infrastructure to Vulnerability Relations,maltego.STIX2.infrastructure,To Relationships (explicit) [OpenCTI],vulnerability
opencti.infrastructure.attack-pattern.StixDomainEntityToStixDomainEntity,OpenCTI: Infrastructure to Attack Patterns,maltego.STIX2.infrastructure,To Relationships (implicit) [OpenCTI],attack-pattern
opencti.infrastructure.attack-pattern.StixDomainEntityToRelations,OpenCTI: Infrastructure to Attack Pattern Relations,maltego.STIX2.infrastructure,To Relationships (explicit) [OpenCTI],attack-pattern
opencti.infrastructure.indicator.StixDomainEntityToStixDomainEntity,OpenCTI: Infrastructure to Indicators,maltego.STIX2.infrastructure,To Relationships (implicit) [OpenCTI],indicator
opencti.infrastructure.indicator.StixDomainEntityToRelations,OpenCTI: Infrastructure to Indicators Relations,maltego.STIX2.infrastructure,To Relationships (explicit) [OpenCTI],indicator
opencti.infrastructure.infrastructure.StixDomainEntityToStixDomainEntity,OpenCTI: Infrastructure to Infrastructure,maltego.STIX2.infrastructure,To Relationships (implicit) [OpenCTI],infrastructure
opencti.infrastructure.infrastructure.StixDomainEntityToRelations,OpenCTI: Infrastructure to Infrastructure Relations,maltego.STIX2.infrastructure,To Relationships (explicit) [OpenCTI],infrastructure
opencti.location.StixDomainEntityToStixDomainEntity,OpenCTI: Location to all Entities,maltego.STIX2.location,To all Relationships (implicit) [OpenCTI],maltego.Unknown
opencti.location.StixDomainEntityToRelations,OpenCTI: Location to all Relations,maltego.STIX2.location,To all Relationships (explicit) [OpenCTI],maltego.Unknown
opencti.location.StixDomainEntityToSightings,OpenCTI: Location to Sightings,maltego.STIX2.location,To Sightings [OpenCTI],maltego.Unknown
opencti.location.StixDomainEntityToStixObservable,OpenCTI: Location to all Observables,maltego.STIX2.location,To Observables [OpenCTI],stix-cyber-observable
opencti.location.identity.StixDomainEntityToStixDomainEntity,OpenCTI: Location to Identities,maltego.STIX2.location,To Relationships (implicit) [OpenCTI],identity
opencti.location.identity.StixDomainEntityToRelations,OpenCTI: Location to Identity Relations,maltego.STIX2.location,To Relationships (explicit) [OpenCTI],identity
opencti.location.threat-actor.StixDomainEntityToStixDomainEntity,OpenCTI: Location to Threat Actors,maltego.STIX2.location,To Relationships (implicit) [OpenCTI],threat-actor
opencti.location.threat-actor.StixDomainEntityToRelations,OpenCTI: Location to Threat Actor Relations,maltego.STIX2.location,To Relationships (explicit) [OpenCTI],threat-actor
opencti.location.intrusion-set.StixDomainEntityToStixDomainEntity,OpenCTI: Location to Intrusion Sets,maltego.STIX2.location,To Relationships (implicit) [OpenCTI],intrusion-set
opencti.location.intrusion-set.StixDomainEntityToRelations,OpenCTI: Location to Intrusion Set Relations,maltego.STIX2.location,To Relationships (explicit) [OpenCTI],intrusion-set
opencti.location.campaign.StixDomainEntityToStixDomainEntity,OpenCTI: Location to Campaigns,maltego.STIX2.location,To Relationships (implicit) [OpenCTI],campaign
opencti.location.campaign.StixDomainEntityToRelations,OpenCTI: Location to Campaign Relations,maltego.STIX2.location,To Relationships (explicit) [OpenCTI],campaign
opencti.location.incident.StixDomainEntityToStixDomainEntity,OpenCTI: Location to Incidents,maltego.STIX2.location,To Relationships (implicit) [OpenCTI],incident
opencti.location.incident.StixDomainEntityToRelations,OpenCTI: Location to Incident Relations,maltego.STIX2.location,To Relationships (explicit) [OpenCTI],incident
opencti.location.malware.StixDomainEntityToStixDomainEntity,OpenCTI: Location to Malware,maltego.STIX2.location,To Relationships (implicit) [OpenCTI],malware
opencti.location.malware.StixDomainEntityToRelations,OpenCTI: Location to Malware Relations,maltego.STIX2.location,To Relationships (explicit) [OpenCTI],malware
opencti.location.tool.StixDomainEntityToStixDomainEntity,OpenCTI: Location to Tools,maltego.STIX2.location,To Relationships (implicit) [OpenCTI],tool
opencti.location.tool.StixDomainEntityToRelations,OpenCTI: Location to Tool Relations,maltego.STIX2.location,To Relationships (explicit) [OpenCTI],tool
opencti.location.vulnerability.StixDomainEntityToStixDomainEntity,OpenCTI: Location to Vulnerabilities,maltego.STIX2.location,To Relationships (implicit) [OpenCTI],vulnerability
opencti.location.vulnerability.StixDomainEntityToRelations,OpenCTI: Location to Vulnerability Relations,maltego.STIX2.location,To Relationships (explicit) [OpenCTI],vulnerability
opencti.location.attack-pattern.StixDomainEntityToStixDomainEntity,OpenCTI: Location to Attack Patterns,maltego.STIX2.location,To Relationships (implicit) [OpenCTI],attack-pattern
opencti.location.attack-pattern.StixDomainEntityToRelations,OpenCTI: Location to Attack Pattern Relations,maltego.STIX2.location,To Relationships (explicit) [OpenCTI],attack-pattern
opencti.location.indicator.StixDomainEntityToStixDomainEntity,OpenCTI: Location to Indicators,maltego.STIX2.location,To Relationships (implicit) [OpenCTI],indicator
opencti.location.indicator.StixDomainEntityToRelations,OpenCTI: Location to Indicators Relations,maltego.STIX2.location,To Relationships (explicit) [OpenCTI],indicator
opencti.location.infrastructure.StixDomainEntityToStixDomainEntity,OpenCTI: Location to Infrastructure,maltego.STIX2.location,To Relationships (implicit) [OpenCTI],infrastructure
opencti.location.infrastructure.StixDomainEntityToRelations,OpenCTI: Location to Infrastructure Relations,maltego.STIX2.location,To Relationships (explicit) [OpenCTI],infrastructure
opencti.location.location.StixDomainEntityToStixDomainEntity,OpenCTI: Location to Location,maltego.STIX2.location,To Relationships (implicit) [OpenCTI],location
opencti.location.location.StixDomainEntityToRelations,OpenCTI: Location to Location Relations,maltego.STIX2.location,To Relationships (explicit) [OpenCTI],location
opencti.indicator.StixDomainEntityToStixDomainEntity,OpenCTI: Indicator to all Entities,maltego.STIX2.indicator,To all Relationships (implicit) [OpenCTI],maltego.Unknown
opencti.indicator.StixDomainEntityToRelations,OpenCTI: Indicator to all Relations,maltego.STIX2.indicator,To all Relationships (explicit) [OpenCTI],maltego.Unknown
opencti.indicator.StixDomainEntityToSightings,OpenCTI: Indicator to Sightings,maltego.STIX2.indicator,To Sightings [OpenCTI],maltego.Unknown
opencti.indicator.StixDomainEntityToStixObservable,OpenCTI: Indicator to all Observables,maltego.STIX2.indicator,To Observables [OpenCTI],stix-cyber-observable
opencti.indicator.identity.StixDomainEntityToStixDomainEntity,OpenCTI: Indicator to Identities,maltego.STIX2.indicator,To Relationships (implicit) [OpenCTI],identity
opencti.indicator.identity.StixDomainEntityToRelations,OpenCTI: Indicator to Identity Relations,maltego.STIX2.indicator,To Relationships (explicit) [OpenCTI],identity
opencti.indicator.threat-actor.StixDomainEntityToStixDomainEntity,OpenCTI: Indicator to Threat Actors,maltego.STIX2.indicator,To Relationships (implicit) [OpenCTI],threat-actor
opencti.indicator.threat-actor.StixDomainEntityToRelations,OpenCTI: Indicator to Threat Actor Relations,maltego.STIX2.indicator,To Relationships (explicit) [OpenCTI],threat-actor
opencti.indicator.intrusion-set.StixDomainEntityToStixDomainEntity,OpenCTI: Indicator to Intrusion Sets,maltego.STIX2.indicator,To Relationships (implicit) [OpenCTI],intrusion-set
opencti.indicator.intrusion-set.StixDomainEntityToRelations,OpenCTI: Indicator to Intrusion Set Relations,maltego.STIX2.indicator,To Relationships (explicit) [OpenCTI],intrusion-set
opencti.indicator.campaign.StixDomainEntityToStixDomainEntity,OpenCTI: Indicator to Campaigns,maltego.STIX2.indicator,To Relationships (implicit) [OpenCTI],campaign
opencti.indicator.campaign.StixDomainEntityToRelations,OpenCTI: Indicator to Campaign Relations,maltego.STIX2.indicator,To Relationships (explicit) [OpenCTI],campaign
opencti.indicator.incident.StixDomainEntityToStixDomainEntity,OpenCTI: Indicator to Incidents,maltego.STIX2.indicator,To Relationships (implicit) [OpenCTI],incident
opencti.indicator.incident.StixDomainEntityToRelations,OpenCTI: Indicator to Incident Relations,maltego.STIX2.indicator,To Relationships (explicit) [OpenCTI],incident
opencti.indicator.malware.StixDomainEntityToStixDomainEntity,OpenCTI: Indicator to Malware,maltego.STIX2.indicator,To Relationships (implicit) [OpenCTI],malware
opencti.indicator.malware.StixDomainEntityToRelations,OpenCTI: Indicator to Malware Relations,maltego.STIX2.indicator,To Relationships (explicit) [OpenCTI],malware
opencti.indicator.tool.StixDomainEntityToStixDomainEntity,OpenCTI: Indicator to Tools,maltego.STIX2.indicator,To Relationships (implicit) [OpenCTI],tool
opencti.indicator.tool.StixDomainEntityToRelations,OpenCTI: Indicator to Tool Relations,maltego.STIX2.indicator,To Relationships (explicit) [OpenCTI],tool
opencti.indicator.vulnerability.StixDomainEntityToStixDomainEntity,OpenCTI: Indicator to Vulnerabilities,maltego.STIX2.indicator,To Relationships (implicit) [OpenCTI],vulnerability
opencti.indicator.vulnerability.StixDomainEntityToRelations,OpenCTI: Indicator to Vulnerability Relations,maltego.STIX2.indicator,To Relationships (explicit) [OpenCTI],vulnerability
opencti.indicator.attack-pattern.StixDomainEntityToStixDomainEntity,OpenCTI: Indicator to Attack Patterns,maltego.STIX2.indicator,To Relationships (implicit) [OpenCTI],attack-pattern
opencti.indicator.attack-pattern.StixDomainEntityToRelations,OpenCTI: Indicator to Attack Pattern Relations,maltego.STIX2.indicator,To Relationships (explicit) [OpenCTI],attack-pattern
opencti.indicator.indicator.StixDomainEntityToStixDomainEntity,OpenCTI: Indicator to Indicators,maltego.STIX2.indicator,To Relationships (implicit) [OpenCTI],indicator
opencti.indicator.indicator.StixDomainEntityToRelations,OpenCTI: Indicator to Indicators Relations,maltego.STIX2.indicator,To Relationships (explicit) [OpenCTI],indicator
opencti.indicator.infrastructure.StixDomainEntityToStixDomainEntity,OpenCTI: Indicator to Infrastructure,maltego.STIX2.indicator,To Relationships (implicit) [OpenCTI],infrastructure
opencti.indicator.infrastructure.StixDomainEntityToRelations,OpenCTI: Indicator to Infrastructure Relations,maltego.STIX2.indicator,To Relationships (explicit) [OpenCTI],infrastructure
opencti.indicator.location.StixDomainEntityToStixDomainEntity,OpenCTI: Indicator to Location,maltego.STIX2.indicator,To Relationships (implicit) [OpenCTI],location
opencti.indicator.location.StixDomainEntityToRelations,OpenCTI: Indicator to Location Relations,maltego.STIX2.indicator,To Relationships (explicit) [OpenCTI],location
opencti.process.StixObservableToDetails,OpenCTI: Process to Details,maltego.STIX2.process,To Details [OpenCTI],maltego.Unknown
opencti.file.StixObservableToDetails,OpenCTI: File to Details,maltego.STIX2.file,To Details [OpenCTI],maltego.Unknown
opencti.url.StixObservableToDetails,OpenCTI: Url to Details,maltego.STIX2.url,To Details [OpenCTI],maltego.Unknown
opencti.software.StixObservableToDetails,OpenCTI: Software to Details,maltego.STIX2.software,To Details [OpenCTI],maltego.Unknown
opencti.mutex.StixObservableToDetails,OpenCTI: Mutex to Details,maltego.STIX2.mutex,To Details [OpenCTI],maltego.Unknown
opencti.x509-certificate.StixObservableToDetails,OpenCTI: X509Certificate to Details,maltego.STIX2.x509-certificate,To Details [OpenCTI],maltego.Unknown
opencti.artifact.StixObservableToDetails,OpenCTI: Artifact to Details,maltego.STIX2.artifact,To Details [OpenCTI],maltego.Unknown
opencti.network-traffic.StixObservableToDetails,OpenCTI: NetworkTraffic to Details,maltego.STIX2.network-traffic,To Details [OpenCTI],maltego.Unknown
opencti.user-account.StixObservableToDetails,OpenCTI: UserAccount to Details,maltego.STIX2.user-account,To Details [OpenCTI],maltego.Unknown
opencti.windows-registry-key.StixObservableToDetails,OpenCTI: WindowsRegistryKey to Details,maltego.STIX2.windows-registry-key,To Details [OpenCTI],maltego.Unknown
opencti.ipv6-addr.StixObservableToDetails,OpenCTI: Ipv6Addr to Details,maltego.STIX2.ipv6-addr,To Details [OpenCTI],maltego.Unknown
opencti.ipv4-addr.StixObservableToDetails,OpenCTI: Ipv4Addr to Details,maltego.STIX2.ipv4-addr,To Details [OpenCTI],maltego.Unknown
opencti.mac-addr.StixObservableToDetails,OpenCTI: MacAddr to Details,maltego.STIX2.mac-addr,To Details [OpenCTI],maltego.Unknown
opencti.domain-name.StixObservableToDetails,OpenCTI: DomainName to Details,maltego.STIX2.domain-name,To Details [OpenCTI],maltego.Unknown
opencti.autonomous-system.StixObservableToDetails,OpenCTI: AutonomousSystem to Details,maltego.STIX2.autonomous-system,To Details [OpenCTI],maltego.Unknown
opencti.email-addr.StixObservableToDetails,OpenCTI: EmailAddr to Details,maltego.STIX2.email-addr,To Details [OpenCTI],maltego.Unknown
opencti.email-message.StixObservableToDetails,OpenCTI: EmailMessage to Details,maltego.STIX2.email-message,To Details [OpenCTI],maltego.Unknown
opencti.directory.StixObservableToDetails,OpenCTI: Directory to Details,maltego.STIX2.directory,To Details [OpenCTI],maltego.Unknown
opencti.x-opencti-hostname.StixObservableToDetails,OpenCTI: Hostname to Details,maltego.STIX2.x-opencti-hostname,To Details [OpenCTI],maltego.Unknown
opencti.x-opencti-text.StixObservableToDetails,OpenCTI: Text to Details,maltego.STIX2.x-opencti-text,To Details [OpenCTI],maltego.Unknown
opencti.x-opencti-cryptographic-key.StixObservableToDetails,OpenCTI: Cryptographic Key to Details,maltego.STIX2.x-opencti-cryptographic-key,To Details [OpenCTI],maltego.Unknown
opencti.x-opencti-cryptocurrency-wallet.StixObservableToDetails,OpenCTI: Cryptocurrency Wallet to Details,maltego.STIX2.x-opencti-cryptocurrency-wallet,To Details [OpenCTI],maltego.Unknown
opencti.x-opencti-user-agent.StixObservableToDetails,OpenCTI: User-Agent to Details,maltego.STIX2.x-opencti-user-agent,To Details [OpenCTI],maltego.Unknown
opencti.process.indicator.StixObservableToStixDomainEntity,OpenCTI: Process to Indicators,maltego.STIX2.process,To Indicators [OpenCTI],indicator
opencti.file.indicator.StixObservableToStixDomainEntity,OpenCTI: File to Indicators,maltego.STIX2.file,To Indicators [OpenCTI],indicator
opencti.url.indicator.StixObservableToStixDomainEntity,OpenCTI: Url to Indicators,maltego.STIX2.url,To Indicators [OpenCTI],indicator
opencti.software.indicator.StixObservableToStixDomainEntity,OpenCTI: Software to Indicators,maltego.STIX2.software,To Indicators [OpenCTI],indicator
opencti.mutex.indicator.StixObservableToStixDomainEntity,OpenCTI: Mutex to Indicators,maltego.STIX2.mutex,To Indicators [OpenCTI],indicator
opencti.x509-certificate.indicator.StixObservableToStixDomainEntity,OpenCTI: X509Certificate to Indicators,maltego.STIX2.x509-certificate,To Indicators [OpenCTI],indicator
opencti.artifact.indicator.StixObservableToStixDomainEntity,OpenCTI: Artifact to Indicators,maltego.STIX2.artifact,To Indicators [OpenCTI],indicator
opencti.network-traffic.indicator.StixObservableToStixDomainEntity,OpenCTI: NetworkTraffic to Indicators,maltego.STIX2.network-traffic,To Indicators [OpenCTI],indicator
opencti.user-account.indicator.StixObservableToStixDomainEntity,OpenCTI: UserAccount to Indicators,maltego.STIX2.user-account,To Indicators [OpenCTI],indicator
opencti.windows-registry-key.indicator.StixObservableToStixDomainEntity,OpenCTI: WindowsRegistryKey to Indicators,maltego.STIX2.windows-registry-key,To Indicators [OpenCTI],indicator
opencti.ipv6-addr.indicator.StixObservableToStixDomainEntity,OpenCTI: Ipv6Addr to Indicators,maltego.STIX2.ipv6-addr,To Indicators [OpenCTI],indicator
opencti.ipv4-addr.indicator.StixObservableToStixDomainEntity,OpenCTI: Ipv4Addr to Indicators,maltego.STIX2.ipv4-addr,To Indicators [OpenCTI],indicator
opencti.mac-addr.indicator.StixObservableToStixDomainEntity,OpenCTI: MacAddr to Indicators,maltego.STIX2.mac-addr,To Indicators [OpenCTI],indicator
opencti.domain-name.indicator.StixObservableToStixDomainEntity,OpenCTI: DomainName to Indicators,maltego.STIX2.domain-name,To Indicators [OpenCTI],indicator
opencti.autonomous-system.indicator.StixObservableToStixDomainEntity,OpenCTI: AutonomousSystem to Indicators,maltego.STIX2.autonomous-system,To Indicators [OpenCTI],indicator
opencti.email-addr.indicator.StixObservableToStixDomainEntity,OpenCTI: EmailAddr to Indicators,maltego.STIX2.email-addr,To Indicators [OpenCTI],indicator
opencti.email-message.indicator.StixObservableToStixDomainEntity,OpenCTI: EmailMessage to Indicators,maltego.STIX2.email-message,To Indicators [OpenCTI],indicator
opencti.directory.indicator.StixObservableToStixDomainEntity,OpenCTI: Directory to Indicators,maltego.STIX2.directory,To Indicators [OpenCTI],indicator
opencti.x-opencti-hostname.indicator.StixObservableToStixDomainEntity,OpenCTI: Hostname to Indicators,maltego.STIX2.x-opencti-hostname,To Indicators [OpenCTI],indicator
opencti.x-opencti-text.indicator.StixObservableToStixDomainEntity,OpenCTI: Text to Indicators,maltego.STIX2.x-opencti-text,To Indicators [OpenCTI],indicator
opencti.x-opencti-cryptographic-key.indicator.StixObservableToStixDomainEntity,OpenCTI: Cryptographic Key to Indicators,maltego.STIX2.x-opencti-cryptographic-key,To Indicators [OpenCTI],indicator
opencti.x-opencti-cryptocurrency-wallet.indicator.StixObservableToStixDomainEntity,OpenCTI: Cryptocurrency Wallet to Indicators,maltego.STIX2.x-opencti-cryptocurrency-wallet,To Indicators [OpenCTI],indicator
opencti.x-opencti-user-agent.indicator.StixObservableToStixDomainEntity,OpenCTI: User-Agent to Indicators,maltego.STIX2.x-opencti-user-agent,To Indicators [OpenCTI],indicator
opencti.process.StixObservableToStixDomainEntity,OpenCTI: Process to all Entities,maltego.STIX2.process,To Relationships (implicit) [OpenCTI],maltego.Unknown
opencti.file.StixObservableToStixDomainEntity,OpenCTI: File to all Entities,maltego.STIX2.file,To Relationships (implicit) [OpenCTI],maltego.Unknown
opencti.url.StixObservableToStixDomainEntity,OpenCTI: Url to all Entities,maltego.STIX2.url,To Relationships (implicit) [OpenCTI],maltego.Unknown
opencti.software.StixObservableToStixDomainEntity,OpenCTI: Software to all Entities,maltego.STIX2.software,To Relationships (implicit) [OpenCTI],maltego.Unknown
opencti.mutex.StixObservableToStixDomainEntity,OpenCTI: Mutex to all Entities,maltego.STIX2.mutex,To Relationships (implicit) [OpenCTI],maltego.Unknown
opencti.x509-certificate.StixObservableToStixDomainEntity,OpenCTI: X509Certificate to all Entities,maltego.STIX2.x509-certificate,To Relationships (implicit) [OpenCTI],maltego.Unknown
opencti.artifact.StixObservableToStixDomainEntity,OpenCTI: Artifact to all Entities,maltego.STIX2.artifact,To Relationships (implicit) [OpenCTI],maltego.Unknown
opencti.network-traffic.StixObservableToStixDomainEntity,OpenCTI: NetworkTraffic to all Entities,maltego.STIX2.network-traffic,To Relationships (implicit) [OpenCTI],maltego.Unknown
opencti.user-account.StixObservableToStixDomainEntity,OpenCTI: UserAccount to all Entities,maltego.STIX2.user-account,To Relationships (implicit) [OpenCTI],maltego.Unknown
opencti.windows-registry-key.StixObservableToStixDomainEntity,OpenCTI: WindowsRegistryKey to all Entities,maltego.STIX2.windows-registry-key,To Relationships (implicit) [OpenCTI],maltego.Unknown
opencti.ipv6-addr.StixObservableToStixDomainEntity,OpenCTI: Ipv6Addr to all Entities,maltego.STIX2.ipv6-addr,To Relationships (implicit) [OpenCTI],maltego.Unknown
opencti.ipv4-addr.StixObservableToStixDomainEntity,OpenCTI: Ipv4Addr to all Entities,maltego.STIX2.ipv4-addr,To Relationships (implicit) [OpenCTI],maltego.Unknown
opencti.mac-addr.StixObservableToStixDomainEntity,OpenCTI: MacAddr to all Entities,maltego.STIX2.mac-addr,To Relationships (implicit) [OpenCTI],maltego.Unknown
opencti.domain-name.StixObservableToStixDomainEntity,OpenCTI: DomainName to all Entities,maltego.STIX2.domain-name,To Relationships (implicit) [OpenCTI],maltego.Unknown
opencti.autonomous-system.StixObservableToStixDomainEntity,OpenCTI: AutonomousSystem to all Entities,maltego.STIX2.autonomous-system,To Relationships (implicit) [OpenCTI],maltego.Unknown
opencti.email-addr.StixObservableToStixDomainEntity,OpenCTI: EmailAddr to all Entities,maltego.STIX2.email-addr,To Relationships (implicit) [OpenCTI],maltego.Unknown
opencti.email-message.StixObservableToStixDomainEntity,OpenCTI: EmailMessage to all Entities,maltego.STIX2.email-message,To Relationships (implicit) [OpenCTI],maltego.Unknown
opencti.directory.StixObservableToStixDomainEntity,OpenCTI: Directory to all Entities,maltego.STIX2.directory,To Relationships (implicit) [OpenCTI],maltego.Unknown
opencti.x-opencti-hostname.StixObservableToStixDomainEntity,OpenCTI: Hostname to all Entities,maltego.STIX2.x-opencti-hostname,To Relationships (implicit) [OpenCTI],maltego.Unknown
opencti.x-opencti-text.StixObservableToStixDomainEntity,OpenCTI: Text to all Entities,maltego.STIX2.x-opencti-text,To Relationships (implicit) [OpenCTI],maltego.Unknown
opencti.x-opencti-cryptographic-key.StixObservableToStixDomainEntity,OpenCTI: Cryptographic Key to all Entities,maltego.STIX2.x-opencti-cryptographic-key,To Relationships (implicit) [OpenCTI],maltego.Unknown
opencti.x-opencti-cryptocurrency-wallet.StixObservableToStixDomainEntity,OpenCTI: Cryptocurrency Wallet to all Entities,maltego.STIX2.x-opencti-cryptocurrency-wallet,To Relationships (implicit) [OpenCTI],maltego.Unknown
opencti.x-opencti-user-agent.StixObservableToStixDomainEntity,OpenCTI: User-Agent to all Entities,maltego.STIX2.x-opencti-user-agent,To Relationships (implicit) [OpenCTI],maltego.Unknown
opencti.process.StixObservableToRelations,OpenCTI: Process to all Relations,maltego.STIX2.process,To all Relationships (explicit) [OpenCTI],maltego.Unknown
opencti.file.StixObservableToRelations,OpenCTI: File to all Relations,maltego.STIX2.file,To all Relationships (explicit) [OpenCTI],maltego.Unknown
opencti.url.StixObservableToRelations,OpenCTI: Url to all Relations,maltego.STIX2.url,To all Relationships (explicit) [OpenCTI],maltego.Unknown
opencti.software.StixObservableToRelations,OpenCTI: Software to all Relations,maltego.STIX2.software,To all Relationships (explicit) [OpenCTI],maltego.Unknown
opencti.mutex.StixObservableToRelations,OpenCTI: Mutex to all Relations,maltego.STIX2.mutex,To all Relationships (explicit) [OpenCTI],maltego.Unknown
opencti.x509-certificate.StixObservableToRelations,OpenCTI: X509Certificate to all Relations,maltego.STIX2.x509-certificate,To all Relationships (explicit) [OpenCTI],maltego.Unknown
opencti.artifact.StixObservableToRelations,OpenCTI: Artifact to all Relations,maltego.STIX2.artifact,To all Relationships (explicit) [OpenCTI],maltego.Unknown
opencti.network-traffic.StixObservableToRelations,OpenCTI: NetworkTraffic to all Relations,maltego.STIX2.network-traffic,To all Relationships (explicit) [OpenCTI],maltego.Unknown
opencti.user-account.StixObservableToRelations,OpenCTI: UserAccount to all Relations,maltego.STIX2.user-account,To all Relationships (explicit) [OpenCTI],maltego.Unknown
opencti.windows-registry-key.StixObservableToRelations,OpenCTI: WindowsRegistryKey to all Relations,maltego.STIX2.windows-registry-key,To Relationships (explicit) [OpenCTI],maltego.Unknown
opencti.ipv6-addr.StixObservableToRelations,OpenCTI: Ipv6Addr to all Relations,maltego.STIX2.ipv6-addr,To all Relationships (explicit) [OpenCTI],maltego.Unknown
opencti.ipv4-addr.StixObservableToRelations,OpenCTI: Ipv4Addr to all Relations,maltego.STIX2.ipv4-addr,To all Relationships (explicit) [OpenCTI],maltego.Unknown
opencti.mac-addr.StixObservableToRelations,OpenCTI: MacAddr to all Relations,maltego.STIX2.mac-addr,To all Relationships (explicit) [OpenCTI],maltego.Unknown
opencti.domain-name.StixObservableToRelations,OpenCTI: DomainName to all Relations,maltego.STIX2.domain-name,To all Relationships (explicit) [OpenCTI],maltego.Unknown
opencti.autonomous-system.StixObservableToRelations,OpenCTI: AutonomousSystem to all Relations,maltego.STIX2.autonomous-system,To all Relationships (explicit) [OpenCTI],maltego.Unknown
opencti.email-addr.StixObservableToRelations,OpenCTI: EmailAddr to all Relations,maltego.STIX2.email-addr,To all Relationships (explicit) [OpenCTI],maltego.Unknown
opencti.email-message.StixObservableToRelations,OpenCTI: EmailMessage to all Relations,maltego.STIX2.email-message,To all Relationships (explicit) [OpenCTI],maltego.Unknown
opencti.directory.StixObservableToRelations,OpenCTI: Directory to all Relations,maltego.STIX2.directory,To all Relationships (explicit) [OpenCTI],maltego.Unknown
opencti.x-opencti-hostname.StixObservableToRelations,OpenCTI: Hostname to all Relations,maltego.STIX2.x-opencti-hostname,To all Relationships (explicit) [OpenCTI],maltego.Unknown
opencti.x-opencti-text.StixObservableToRelations,OpenCTI: Text to all Relations,maltego.STIX2.x-opencti-text,To all Relationships (explicit) [OpenCTI],maltego.Unknown
opencti.x-opencti-cryptographic-key.StixObservableToRelations,OpenCTI: Cryptographic Key to all Relations,maltego.STIX2.x-opencti-cryptographic-key,To all Relationships (explicit) [OpenCTI],maltego.Unknown
opencti.x-opencti-cryptocurrency-wallet.StixObservableToRelations,OpenCTI: Cryptocurrency Wallet to all Relations,maltego.STIX2.x-opencti-cryptocurrency-wallet,To all Relationships (explicit) [OpenCTI],maltego.Unknown
opencti.x-opencti-user-agent.StixObservableToRelations,OpenCTI: User-Agent to all Relations,maltego.STIX2.x-opencti-user-agent,To all Relationships (explicit) [OpenCTI],maltego.Unknown
opencti.process.StixObservableToReports,OpenCTI: Process to Reports,maltego.STIX2.process,To Reports [OpenCTI],maltego.Unknown
opencti.file.StixObservableToReports,OpenCTI: File to Reports,maltego.STIX2.file,To Reports [OpenCTI],maltego.Unknown
opencti.url.StixObservableToReports,OpenCTI: Url to Reports,maltego.STIX2.url,To Reports [OpenCTI],maltego.Unknown
opencti.software.StixObservableToReports,OpenCTI: Software to Reports,maltego.STIX2.software,To Reports [OpenCTI],maltego.Unknown
opencti.mutex.StixObservableToReports,OpenCTI: Mutex to Reports,maltego.STIX2.mutex,To Reports [OpenCTI],maltego.Unknown
opencti.x509-certificate.StixObservableToReports,OpenCTI: X509Certificate to Reports,maltego.STIX2.x509-certificate,To Reports [OpenCTI],maltego.Unknown
opencti.artifact.StixObservableToReports,OpenCTI: Artifact to Reports,maltego.STIX2.artifact,To Reports [OpenCTI],maltego.Unknown
opencti.network-traffic.StixObservableToReports,OpenCTI: NetworkTraffic to Reports,maltego.STIX2.network-traffic,To Reports [OpenCTI],maltego.Unknown
opencti.user-account.StixObservableToReports,OpenCTI: UserAccount to Reports,maltego.STIX2.user-account,To Reports [OpenCTI],maltego.Unknown
opencti.windows-registry-key.StixObservableToReports,OpenCTI: WindowsRegistryKey to Reports,maltego.STIX2.windows-registry-key,To Reports [OpenCTI],maltego.Unknown
opencti.ipv6-addr.StixObservableToReports,OpenCTI: Ipv6Addr to Reports,maltego.STIX2.ipv6-addr,To Reports [OpenCTI],maltego.Unknown
opencti.ipv4-addr.StixObservableToReports,OpenCTI: Ipv4Addr to Reports,maltego.STIX2.ipv4-addr,To Reports [OpenCTI],maltego.Unknown
opencti.mac-addr.StixObservableToReports,OpenCTI: MacAddr to Reports,maltego.STIX2.mac-addr,To Reports [OpenCTI],maltego.Unknown
opencti.domain-name.StixObservableToReports,OpenCTI: DomainName to Reports,maltego.STIX2.domain-name,To Reports [OpenCTI],maltego.Unknown
opencti.autonomous-system.StixObservableToReports,OpenCTI: AutonomousSystem to Reports,maltego.STIX2.autonomous-system,To Reports [OpenCTI],maltego.Unknown
opencti.email-addr.StixObservableToReports,OpenCTI: EmailAddr to Reports,maltego.STIX2.email-addr,To Reports [OpenCTI],maltego.Unknown
opencti.email-message.StixObservableToReports,OpenCTI: EmailMessage to Reports,maltego.STIX2.email-message,To Reports [OpenCTI],maltego.Unknown
opencti.directory.StixObservableToReports,OpenCTI: Directory to Reports,maltego.STIX2.directory,To Reports [OpenCTI],maltego.Unknown
opencti.x-opencti-hostname.StixObservableToReports,OpenCTI: Hostname to Reports,maltego.STIX2.x-opencti-hostname,To Reports [OpenCTI],maltego.Unknown
opencti.x-opencti-text.StixObservableToReports,OpenCTI: Text to Reports,maltego.STIX2.x-opencti-text,To Reports [OpenCTI],maltego.Unknown
opencti.x-opencti-cryptographic-key.StixObservableToReports,OpenCTI: Cryptographic Key to Reports,maltego.STIX2.x-opencti-cryptographic-key,To Reports [OpenCTI],maltego.Unknown
opencti.x-opencti-cryptocurrency-wallet.StixObservableToReports,OpenCTI: Cryptocurrency Wallet to Reports,maltego.STIX2.x-opencti-cryptocurrency-wallet,To Reports [OpenCTI],maltego.Unknown
opencti.x-opencti-user-agent.StixObservableToReports,OpenCTI: User-Agent to Reports,maltego.STIX2.x-opencti-user-agent,To Reports [OpenCTI],maltego.Unknown
opencti.maltego-ipv4address.PlainSearch,OpenCTI: Search for IPv4 Address,maltego.IPv4Address,Search for Entities [OpenCTI],maltego.Unknown
opencti.maltego-ipv6address.PlainSearch,OpenCTI: Search for IPv6 Address,maltego.IPv6Address,Search for Entities [OpenCTI],maltego.Unknown
opencti.maltego-domain.PlainSearch,OpenCTI: Search for Domain,maltego.Domain,Search for Entities [OpenCTI],maltego.Unknown
opencti.maltego-hash.PlainSearch,OpenCTI: Search for Hash,maltego.Hash,Search for Entities [OpenCTI],maltego.Unknown
opencti.maltego-url.PlainSearch,OpenCTI: Search for URL,maltego.URL,Search for Entities [OpenCTI],maltego.Unknown
opencti.maltego-cve.PlainSearch,OpenCTI: Search for CVE,maltego.CVE,Search for Entities [OpenCTI],maltego.Unknown
opencti.maltego-dnsname.PlainSearch,OpenCTI: Search for DNS Name,maltego.DNSName,Search for Entities [OpenCTI],maltego.Unknown
opencti.maltego-emailaddress.PlainSearch,OpenCTI: Search for Email Address,maltego.EmailAddress,Search for Entities [OpenCTI],maltego.Unknown
opencti.maltego-phrase.PlainSearch,OpenCTI: Search by Phrase,maltego.Phrase,Search for Entities [OpenCTI],maltego.Unknown
opencti.maltego-organization.PlainSearch,OpenCTI: Search by Organization,maltego.Organization,Search for Entities [OpenCTI],maltego.Unknown
opencti.maltego-alias.PlainSearch,OpenCTI: Search by Alias,maltego.Alias,Search for Entities [OpenCTI],maltego.Unknown
opencti.maltego-person.PlainSearch,OpenCTI: Search by Person,maltego.Person,Search for Entities [OpenCTI],maltego.Unknown
opencti.maltego-cryptocurrencyaddress.PlainSearch,OpenCTI: Search by Cryptocurrency Address,maltego.CryptocurrencyAddress,Search for Entities [OpenCTI],maltego.Unknown
